,stft,cqt,centroid,bandwidth,rollof,tempo,rms,zero_crossing_rate,genre
0,0.4218126,0.62775207,2493.693745295538,2410.9411019882205,5272.976448366147,129.19921875,0.16349483,0.11070605771091331,rock
1,0.4653885,0.6338625,2710.2517171507925,2715.7457213133316,5981.013833627612,129.19921875,0.17189418,0.10545967976006192,rock
2,0.40616247,0.61969185,2890.913614281895,2688.700583277085,6104.404754166264,129.19921875,0.19282573,0.13506834425793343,rock
3,0.42375278,0.63148797,2723.2909493928137,2622.356060849861,5821.881462545956,129.19921875,0.18827096,0.12263720249613003,rock
4,0.36412415,0.6425348,2891.779676753211,2609.214652310811,5958.45563670061,129.19921875,0.20492426,0.14477765818498453,rock
5,0.43421626,0.6070602,1610.8850126050324,1712.6347558393031,3226.7971546657313,112.34714673913044,0.06327215,0.06972709159732972,rock
6,0.50010705,0.63224983,2262.6913319896994,2264.1116737231373,4521.872656854683,112.34714673913044,0.07621999,0.10571704781830496,rock
7,0.4531328,0.6380736,2155.3351341128327,1994.7264233170952,4043.4922162224266,112.34714673913044,0.09228648,0.12097923822078173,rock
8,0.5182119,0.6454579,2121.531317318982,2118.595608896252,4188.324673773704,112.34714673913044,0.07524232,0.0959672957381966,rock
9,0.5428186,0.6729907,2024.6942223858323,1828.612644316243,3712.294218931405,112.34714673913044,0.06394331,0.11475062886996903,rock
10,0.45880184,0.5712363,1666.9761385274473,1600.5792583254615,3137.1893631784537,80.74951171875,0.059935603,0.09505649247774768,rock
11,0.4513493,0.5776166,2040.560318147567,1877.9068736155928,3709.4109030330883,80.74951171875,0.10156224,0.11864176180340558,rock
12,0.4325935,0.5686127,2065.4204532288572,1876.6707068985236,3731.444103134675,80.74951171875,0.10085262,0.12243198831753097,rock
13,0.28156784,0.4791137,1614.2155057032312,1586.5975367646465,3122.247786861455,161.4990234375,0.1406614,0.08206148413312693,rock
14,0.40953574,0.48670346,2958.4187364032623,2264.8782711309264,5310.817886210816,135.99917763157896,0.05134959,0.1970381131482198,rock
15,0.54638743,0.51124805,2403.7449260856174,2386.287947009289,4842.404051978521,135.99917763157896,0.15492272,0.1100307027621904,rock
16,0.44385844,0.4031154,2488.859925390679,2513.0099387462337,5199.751891145027,135.99917763157896,0.19257891,0.10767508586493808,rock
17,0.47304323,0.42399344,2450.6902135374457,2390.0880578302895,4975.836578463623,135.99917763157896,0.21638401,0.11540444199883901,rock
18,0.44896737,0.42901677,2625.7523599303236,2550.1222798271565,5444.750409672504,135.99917763157896,0.23594105,0.1216133991631192,rock
19,0.53728247,0.5983941,3150.2541142128966,2575.6858862204044,6044.738448293586,92.28515625,0.11027836,0.19655134360487617,rock
20,0.4458196,0.52952063,2766.917279762854,2510.5022077595668,5443.258752025687,92.28515625,0.19019355,0.1554094910990712,rock
21,0.44218054,0.54703486,2740.160444841024,2458.1601128019634,5372.500846555728,92.28515625,0.19087307,0.1576434156104876,rock
22,0.44488892,0.50759196,2615.4640737246145,2462.3385573309965,5161.843787036813,95.703125,0.20561662,0.14200934537054954,rock
23,0.40776852,0.51697123,2644.4572577912527,2403.629529165561,4992.70314314048,95.703125,0.21244904,0.15540533390576625,rock
24,0.44555077,0.6215105,2698.3326671075824,2296.3666026475175,5121.702363099846,117.45383522727273,0.12422267,0.15390987809597523,rock
25,0.4160121,0.5921535,2816.5894940017215,2471.8602214589246,5372.334180896865,117.45383522727273,0.19934368,0.15867364369678794,rock
26,0.40750477,0.5557763,2844.9331286598836,2410.342820741298,5311.009551718508,117.45383522727273,0.19161445,0.168783937814435,rock
27,0.42589602,0.59409666,2729.922934554985,2384.075922718912,5151.318850679663,117.45383522727273,0.2176843,0.1598353902621904,rock
28,0.39712057,0.5331497,2557.888975199276,2313.155615832038,4832.812443311001,117.45383522727273,0.25848538,0.14609397675599844,rock
29,0.5169007,0.61414176,2423.1878216990285,2127.347794103144,4684.246675001209,95.703125,0.18946795,0.14217676688273995,rock
30,0.41560268,0.55713624,2393.7242695752802,2152.4793905079396,4625.397030856956,95.703125,0.20585585,0.13321310226393188,rock
31,0.41107148,0.55323035,2377.2624440622644,2131.3267560803856,4601.5721749226,95.703125,0.1975096,0.13466471858068885,rock
32,0.42290768,0.5851663,2113.8862755330188,1923.4927358327811,4016.092381905476,95.703125,0.20897032,0.1210030476006192,rock
33,0.36651707,0.5858662,2503.393958968667,2223.995440542145,4760.73787913603,95.703125,0.20025752,0.13580454539957432,rock
34,0.49334395,0.53487736,2148.1820858517826,2092.525273230625,4281.174112325852,117.45383522727273,0.16643661,0.10712180122871517,rock
35,0.46922052,0.54377294,2476.1908249794988,2452.5529125496723,5030.244582799197,117.45383522727273,0.20545888,0.1151293113873839,rock
36,0.48078212,0.5448567,2893.9362216593336,2451.2336240291115,5540.03316684404,117.45383522727273,0.25821775,0.16634895631772445,rock
37,0.46526712,0.5126015,2265.1797494299094,2471.5428147510215,4836.82908568958,117.45383522727273,0.18520258,0.08850740131578948,rock
38,0.49104577,0.5702057,2794.1019349104663,2457.262361955114,5434.058807656492,117.45383522727273,0.23737904,0.1541808515141254,rock
39,0.41785297,0.4161395,2209.4423256581426,2262.511732132619,4630.65533239406,123.046875,0.11668025,0.10039357282797988,rock
40,0.51709276,0.5581695,2395.937726623228,2342.172553378283,4998.553107766544,123.046875,0.22953995,0.0972616945626935,rock
41,0.49482256,0.49656937,3084.795701574752,2956.6579704619103,6696.501173840219,123.046875,0.22958006,0.13136012782991485,rock
42,0.46465117,0.45678574,3148.9658735794046,2887.1115692953585,6619.201641259917,123.046875,0.25121617,0.14842578427341332,rock
43,0.46790388,0.47069725,3091.145232788882,2839.245566572831,6460.360935081269,123.046875,0.25128168,0.14815632256191952,rock
44,0.26467213,0.32936186,2306.3021427580693,1912.2545595758438,4349.965363021236,123.046875,0.05665922,0.12390250096749227,rock
45,0.39746988,0.59789914,2354.9711935843857,2409.9003404326204,4831.154120005322,129.19921875,0.078262605,0.11914289255998452,rock
46,0.3762783,0.56518734,2388.5094781289267,2314.435458936546,4835.829091736407,123.046875,0.07992541,0.12421731387867647,rock
47,0.39235696,0.5890905,2289.932650236014,2350.111657546619,4654.938518890286,123.046875,0.07652934,0.11647737579818111,rock
48,0.38164526,0.5841873,2674.030682542572,2491.806428712644,5445.233740083204,123.046875,0.08339288,0.1412640739889706,rock
49,0.3287601,0.42541507,1667.2649966623374,1999.1611183188659,3408.6377217673667,123.046875,0.1146303,0.07235330398606811,pop
50,0.3105184,0.34673265,1981.0863422034308,2256.6249516222306,4102.583525572029,123.046875,0.24613391,0.07903164606714397,pop
51,0.42336926,0.60643154,2242.8703578350505,2624.1280538704737,5133.427292200803,123.046875,0.3315758,0.06882346894349846,pop
52,0.36589676,0.56914604,2435.6892083631974,2561.8745221002396,5317.509512414135,129.19921875,0.24057266,0.09666192494678792,pop
53,0.3894085,0.54101074,2312.5567256802296,2517.3759048154843,5040.552853799826,123.046875,0.3153378,0.08494808799342106,pop
54,0.35696873,0.48327285,1410.52567712333,1672.1797265153496,2746.6333914836496,129.19921875,0.18569224,0.06542628616002322,pop
55,0.3122267,0.4240195,2182.177605351968,2304.805967000399,4583.0722867888935,129.19921875,0.2612836,0.09058675382159442,pop
56,0.324428,0.4885299,1945.621681868662,2274.4959387374033,4040.0589036498645,129.19921875,0.30148828,0.07656718629063468,pop
57,0.33363736,0.44514692,1977.9865029644461,2216.9223363710726,4024.3589985850426,129.19921875,0.27261418,0.0790392046004257,pop
58,0.3214603,0.3726968,2098.3224914513085,2338.252057961013,4504.8644263677925,129.19921875,0.29848203,0.07810912708010836,pop
59,0.3120827,0.6127548,2611.7897764266295,2301.812985005229,4978.636561532508,95.703125,0.11573216,0.13162089722813466,pop
60,0.38152093,0.59677225,2608.3625678391863,2517.71894074179,5252.859903341477,95.703125,0.18576594,0.12527928780476005,pop
61,0.4234386,0.45607516,2544.778600083601,2578.295333916769,5342.00103098394,95.703125,0.22650614,0.10377488269156347,pop
62,0.3613266,0.61497056,2428.813385618561,2375.20584744887,4887.303780476006,95.703125,0.16559198,0.11433793295278638,pop
63,0.441489,0.49092463,2515.646960842939,2580.9551068189194,5267.684813697271,95.703125,0.22797915,0.1074702496130031,pop
64,0.44392473,0.61246556,2588.10979389019,2522.6156019482887,5283.859715889851,161.4990234375,0.17614345,0.12844820288312694,pop
65,0.43010142,0.49298477,2567.989782704526,2614.86231143907,5342.88435897591,161.4990234375,0.25585976,0.10861801289183437,pop
66,0.3994212,0.5162998,2628.9288302760356,2505.1307567887025,5320.784492610778,161.4990234375,0.20723838,0.12892136706656346,pop
67,0.42872006,0.45585597,2557.313877331694,2564.1923807201006,5226.268397470008,161.4990234375,0.26420242,0.1179085840750774,pop
68,0.46722567,0.48392004,2479.105110854509,2435.2297792612276,4984.7531912127515,161.4990234375,0.24930088,0.1189218054614938,pop
69,0.3712102,0.5094026,1490.3108754540772,1868.7816780365126,3126.0227640346848,117.45383522727273,0.17866412,0.056422939241486066,pop
70,0.41921145,0.4056089,1734.460915736022,2236.675496699034,3928.1262471579917,117.45383522727273,0.24159756,0.05012290175116099,pop
71,0.40465105,0.44080886,1925.5268577258867,2327.4219864851566,4187.316346537587,117.45383522727273,0.29099756,0.062240364381772446,pop
72,0.3541118,0.44324234,2210.7559883043446,2439.60089759456,4802.420960417473,117.45383522727273,0.19431853,0.0871835242114938,pop
73,0.3982559,0.474186,2000.5866632519767,2377.2832759604926,4386.1734774090555,117.45383522727273,0.28984687,0.06679475861068111,pop
74,0.31421953,0.40666622,1792.2157240357026,2133.535540430713,3761.210589807469,123.046875,0.07582084,0.07210538409442724,pop
75,0.39281988,0.5864837,2017.6049865840941,2322.7830011762335,4428.189890008223,123.046875,0.13988367,0.08272474542859908,pop
76,0.40953758,0.4821408,2238.590904993824,2563.204234247305,5100.110826994243,123.046875,0.14598581,0.08026860003869969,pop
77,0.3900826,0.513584,2291.721391669155,2551.002743478321,5188.310293664135,123.046875,0.17124636,0.08939099385642414,pop
78,0.37945035,0.4974657,2198.1222897665884,2480.0169044091376,4893.803741171633,123.046875,0.14158054,0.08395489672020123,pop
79,0.332095,0.45556343,1888.9052374706796,2160.4743957533883,3879.9432051809213,172.265625,0.29438585,0.0792720074255031,pop
80,0.3114229,0.40949506,1641.9295923010447,2171.7643529855927,3437.5042138823046,86.1328125,0.38067657,0.0575291305872678,pop
81,0.32178503,0.47290403,1741.6036219518453,2209.5505291529817,3665.0278380780765,172.265625,0.3576902,0.0622218459752322,pop
82,0.31537125,0.37044528,1668.8378173467647,2201.8003889024503,3505.353803605118,117.45383522727273,0.39451125,0.05931823541505418,pop
83,0.3676368,0.45459446,1809.7740954005883,2191.3058400952627,3829.843508126935,86.1328125,0.3518474,0.07341301035216719,pop
84,0.40593186,0.5940016,2888.11160884026,2654.1075915341407,5872.797821328367,95.703125,0.16262303,0.13664845564047987,pop
85,0.44662687,0.54283094,2893.8290791400827,2656.2242313748898,5818.3481505780765,95.703125,0.16319707,0.13930716972232973,pop
86,0.40996912,0.5823738,2841.244900691716,2614.8676035227145,5695.948890709656,95.703125,0.1657501,0.13594664582527088,pop
87,0.46141943,0.53242683,2908.606410569296,2662.755873436178,5912.272582629886,95.703125,0.1583816,0.1418396562983746,pop
88,0.38176426,0.46302643,2855.059524872632,2750.4868337818693,5942.255734659201,95.703125,0.1857625,0.13272746650058048,pop
89,0.4962034,0.51681495,2200.5072060643192,2311.047234248508,4551.830809035168,89.10290948275862,0.058666535,0.09929909720878483,pop
90,0.45899722,0.32660946,2134.144410861322,2400.6445487510305,4622.880379408137,89.10290948275862,0.09872045,0.07386614442240712,pop
91,0.425594,0.30384952,2241.5737592765895,2370.6043117880104,4743.729648649139,89.10290948275862,0.1147704,0.08819296633126934,pop
92,0.42310503,0.30376163,2119.3539702062403,2344.133745808401,4486.214539141109,89.10290948275862,0.11447874,0.07331361563951239,pop
93,0.45136568,0.30782774,2215.091343068337,2392.219974878136,4697.246596392463,89.10290948275862,0.11833649,0.08303237773316563,pop
94,0.47960928,0.5379295,2166.0296258427816,2265.5684590817805,4514.164370132305,129.19921875,0.19333182,0.08447492380998452,pop
95,0.41139206,0.49621627,2440.698970753688,2368.555169507293,5010.2197038869,123.046875,0.17201717,0.11371359810371517,pop
96,0.4195523,0.4799006,2442.630193210901,2402.197978313098,4980.144885745211,123.046875,0.28291285,0.10301827351006192,pop
97,0.44253677,0.3918578,2612.1270912925397,2680.422694413856,5586.032888690015,123.046875,0.33431438,0.10768151061822756,pop
98,0.42728654,0.43938574,2488.9580662156313,2567.223615326984,5344.051018587945,123.046875,0.3013623,0.09826471192917957,pop
99,0.44679725,0.5293908,1618.1189164766326,1981.0055354362564,3104.831225510352,103.359375,0.22253644,0.08207131022639319,hiphop
100,0.43220773,0.54577893,1889.4957312775427,2236.2882888394006,3860.2183244545763,103.359375,0.24079658,0.09009129196497678,hiphop
101,0.43679214,0.5543413,1965.7984165549765,2291.8220257237945,4038.7839113595687,103.359375,0.23866846,0.0953909575754644,hiphop
102,0.4673266,0.5290229,2064.0581548206937,2339.909744607499,4220.357813407024,103.359375,0.22877894,0.10157761706656347,hiphop
103,0.4270871,0.56654054,2032.7630501601473,2370.0759089310063,4190.34966152888,103.359375,0.22875816,0.09708898207720588,hiphop
104,0.47084692,0.43730086,2211.741413437834,2106.9846458454044,4237.799374606956,151.99908088235293,0.08988746,0.1096274550116099,hiphop
105,0.39170364,0.40005276,2239.444882955224,2337.6592490635826,4477.772923519737,151.99908088235293,0.15544562,0.09244388544891641,hiphop
106,0.39561194,0.47286093,2383.7287930934804,2368.7387668495203,4757.187900602264,143.5546875,0.13342026,0.11139841935952012,hiphop
107,0.37813777,0.40778482,2401.546651213942,2475.7036810009927,4847.395688461445,143.5546875,0.1520735,0.0977926815257353,hiphop
108,0.37322575,0.42764035,2433.0921763161764,2536.6132125685085,5054.494436163652,143.5546875,0.14738336,0.09641665054179567,hiphop
109,0.40633982,0.42559046,3174.368506640902,2687.4796914515077,6102.496432372291,143.5546875,0.13221206,0.16247218459752322,hiphop
110,0.44265598,0.45941097,3256.3106669357585,2751.1633906059565,6278.687033638496,143.5546875,0.1537174,0.16293287720104488,hiphop
111,0.40948918,0.47510457,3436.6539578909783,2997.035761922267,6982.499444447803,143.5546875,0.16525392,0.16364451310952013,hiphop
112,0.42975262,0.44130546,3074.7832667682537,2727.10411765123,6078.329911837268,143.5546875,0.16616815,0.1486789951383514,hiphop
113,0.37906566,0.4257663,3559.631669560144,2865.9033561102547,6811.275479815693,143.5546875,0.13570392,0.17928047298277863,hiphop
114,0.36892483,0.5094392,1455.0802030510247,1654.0809332671772,2886.824210435613,95.703125,0.084123366,0.0623325784878096,hiphop
115,0.3699114,0.54420763,2307.9941875460636,2460.445097404273,4959.1700125774,92.28515625,0.26404804,0.09188833325270898,hiphop
116,0.37554735,0.5688369,2418.605567030825,2530.3425937889756,5194.88525390625,92.28515625,0.2717144,0.10044043573432662,hiphop
117,0.38090044,0.56874263,2545.966112291004,2593.1196318825596,5422.292212140818,92.28515625,0.27761096,0.10707342661571208,hiphop
118,0.38318375,0.56095225,2470.6378037955205,2544.825045220192,5237.626662121469,92.28515625,0.278765,0.10433005696110681,hiphop
119,0.38137057,0.49765933,2419.245671174059,2417.274225538285,5144.1855604803595,95.703125,0.12226666,0.12152912151702787,hiphop
120,0.44181675,0.61385983,3001.7033353015217,2741.074913585009,6155.854443057034,95.703125,0.14048354,0.16791357270704335,hiphop
121,0.42877993,0.5095439,2551.82060700917,2484.8548860897877,5356.617609266157,95.703125,0.12940931,0.13460387238777088,hiphop
122,0.38733852,0.5707333,2829.862775240371,2800.5477483960717,6173.14600516399,95.703125,0.15909027,0.13601202713815788,hiphop
123,0.43962112,0.59525967,2599.3835822489627,2402.524388464549,5123.127354483117,95.703125,0.12625466,0.15229386368034056,hiphop
124,0.32789624,0.41488355,2192.2696437977124,2215.6729729100184,4447.423107040925,112.34714673913044,0.09213983,0.09273904617356811,hiphop
125,0.47222215,0.4090664,3112.545039836062,2705.5986814145185,6088.829848345588,161.4990234375,0.20791021,0.12105028843363003,hiphop
126,0.4093785,0.39619714,2814.2163836324116,2579.0062524953373,5584.957895190354,107.666015625,0.16528139,0.11156697465170279,hiphop
127,0.48311126,0.39270434,3064.6382913318516,2686.7781658017125,5892.922699635981,143.5546875,0.1944019,0.14485324351780185,hiphop
128,0.47711012,0.36033928,2620.6178131829465,2655.6843518785017,5268.384809464493,143.5546875,0.21753487,0.09018048265770123,hiphop
129,0.35562843,0.41012383,3265.5793645936446,2806.6029799897346,6776.392357415828,143.5546875,0.21019724,0.17464142318111456,hiphop
130,0.45582944,0.44731513,3054.7519332664497,2913.3305765245823,6712.434410827448,143.5546875,0.4028606,0.10569550599845201,hiphop
131,0.5161981,0.41878587,2948.2055586844017,2868.2301097125755,6572.7185890032415,143.5546875,0.43831217,0.10277413288506192,hiphop
132,0.40535492,0.50986856,3485.0587053273907,2957.8365565860045,7300.172523522156,143.5546875,0.2814585,0.18458127237325853,hiphop
133,0.47930473,0.45388198,3180.7722106901265,2925.8573901300388,6909.091555001935,143.5546875,0.38238174,0.11974757522252322,hiphop
134,0.29140902,0.3825653,1475.0208915748349,1618.460797242779,3035.1899799547696,135.99917763157896,0.10694548,0.04618944103134675,hiphop
135,0.51510864,0.48683563,1945.5683447569343,2236.6111415753853,4158.116523104924,135.99917763157896,0.20093775,0.050709066007159444,hiphop
136,0.44249186,0.4710703,2058.140062741243,2239.5203757968184,4451.6980811907415,135.99917763157896,0.17191303,0.0626704449255031,hiphop
137,0.5070619,0.506646,2119.560028767125,2379.3127051999545,4558.239103618421,135.99917763157896,0.20102774,0.05583223986551858,hiphop
138,0.43002364,0.48419997,2267.9613017734277,2378.220513334007,4693.838283668731,135.99917763157896,0.1791709,0.07410083688080496,hiphop
139,0.39835277,0.64241046,1821.344863604689,2130.0336981274877,3780.8521377043826,92.28515625,0.17320482,0.0706703965508901,hiphop
140,0.3740146,0.6419502,2376.146434390165,2444.8106698789256,4875.812183297456,92.28515625,0.20450145,0.11597964638157894,hiphop
141,0.39220804,0.6480729,2315.9118706976574,2397.0826455065417,4794.662673997436,92.28515625,0.19854188,0.11377595600328948,hiphop
142,0.35910693,0.64836335,2136.106645996112,2354.2952128485294,4452.289744279702,92.28515625,0.19713943,0.09347638109520123,hiphop
143,0.36600325,0.6315053,2306.131040188218,2413.1012610162516,4827.945806072224,92.28515625,0.20437707,0.11018640854779412,hiphop
144,0.31766808,0.27652308,1657.1020612338825,1966.1264493816784,3312.4799698868032,143.5546875,0.20061211,0.05970031927244582,hiphop
145,0.32395306,0.33857864,1981.4080904787143,2366.552077277578,4180.799719276074,143.5546875,0.25987867,0.06409636222910217,hiphop
146,0.42414615,0.39017722,2055.064660949286,2460.159612755922,4355.84032749613,135.99917763157896,0.2776056,0.06619650070143189,hiphop
147,0.39794526,0.37389812,2166.4464745547953,2562.1499517870757,4777.054447138642,143.5546875,0.2804814,0.06650224337267802,hiphop
148,0.45260334,0.39625472,2043.1601141617366,2508.1108427918143,4445.2397869098295,143.5546875,0.28746,0.05609981194369195,hiphop
149,0.3090162,0.48445475,877.5529794833295,1469.4584218812793,1656.93164742768,123.046875,0.006352441,0.040204972305534055,klasyczna
150,0.3400948,0.51296145,1417.1936268547377,1734.1307633768388,2606.5175720781735,123.046875,0.015004299,0.08026708833204334,klasyczna
151,0.33568245,0.51001596,1578.010525057877,1726.9583574663711,2886.032548556018,123.046875,0.03649326,0.08732827012383901,klasyczna
152,0.32636604,0.41640738,1684.5381938717533,1873.730429258708,3288.388448898268,135.99917763157896,0.023542935,0.08669297540150929,klasyczna
153,0.34829155,0.49008244,1619.828694620547,1891.154216003233,3274.496866232101,143.5546875,0.022825837,0.08206677510642414,klasyczna
154,0.17786223,0.2572064,764.293527846571,1039.7428862895315,1193.817781147204,129.19921875,0.012277687,0.04183421415441176,klasyczna
155,0.26274905,0.26789013,957.4112916345756,1090.0505047978872,1652.5483405996033,129.19921875,0.028891383,0.05802988341718266,klasyczna
156,0.33257675,0.43332776,1455.6368910885249,1521.8260387352825,2719.658554596798,151.99908088235293,0.09038277,0.08316805340557276,klasyczna
157,0.32374808,0.4356503,1460.3786746081773,1539.2611459703119,2780.766518418634,143.5546875,0.075407386,0.08287289268092106,klasyczna
158,0.2895628,0.386343,1513.798502746013,1573.70029541253,2835.341188413071,143.5546875,0.08168332,0.08145302220394737,klasyczna
159,0.29481807,0.32438627,1163.796478356901,1335.212747144237,2206.8366555606617,123.046875,0.07658944,0.0799390479876161,klasyczna
160,0.3444156,0.42341024,1395.6831797050213,1522.9524638311013,2682.850443837074,129.19921875,0.08026167,0.09322581571691177,klasyczna
161,0.30644643,0.4249935,1582.4839413546563,1563.401289208014,2878.332595116583,117.45383522727273,0.06399466,0.11875211638931889,klasyczna
162,0.33907178,0.36426944,1681.5377021251309,1656.193354204711,3150.1476181549924,117.45383522727273,0.07828099,0.1228167176615712,klasyczna
163,0.3598461,0.31319305,1250.8446085878873,1454.1057449332936,2424.9353367477747,129.19921875,0.12362132,0.0864511023364938,klasyczna
164,0.19334273,0.33321473,856.993599983675,1014.6100107541988,1504.2242374951625,129.19921875,0.008469586,0.05083264802631579,klasyczna
165,0.27397117,0.3268496,1180.2511544605354,1371.0019588786306,2179.3201552825076,123.046875,0.012824116,0.07415828173374613,klasyczna
166,0.3039409,0.26695374,1624.6517313797165,2053.9891195051337,3384.829532398897,123.046875,0.100610785,0.06662620331849846,klasyczna
167,0.27755898,0.3161809,1798.9113998557434,2053.0742198919334,3644.9946258828368,129.19921875,0.052508257,0.08383509396768576,klasyczna
168,0.3273697,0.33970076,2176.503569259262,2328.916789510691,4495.897813921004,123.046875,0.12225653,0.10717017584171827,klasyczna
169,0.2924314,0.39184853,1499.101557412621,1554.1533885407655,2813.074656389077,107.666015625,0.06525702,0.08599267729295666,klasyczna
170,0.30704612,0.37618148,1437.3201875917787,1488.0799921456567,2670.0255213876258,107.666015625,0.07148203,0.07982680376838236,klasyczna
171,0.32324642,0.38614702,1391.6821765006148,1481.745337036164,2622.1341443135643,107.666015625,0.06833788,0.08039407169117647,klasyczna
172,0.3090571,0.3680928,1468.259652678872,1482.555976916321,2749.8833718314627,107.666015625,0.060291585,0.08537098793053406,klasyczna
173,0.24773069,0.33590966,1529.5437622478396,1520.4047087634053,2817.6079623101296,107.666015625,0.07558974,0.09001268321884674,klasyczna
174,0.25833797,0.32410103,1453.6813713856627,1511.4468949703135,2761.0083045605165,117.45383522727273,0.03294209,0.07730716669891641,klasyczna
175,0.31670105,0.3616175,1295.6310379087547,1375.4547985663671,2407.1771107960044,117.45383522727273,0.056795727,0.0742671246130031,klasyczna
176,0.3143004,0.383006,1407.9162884745526,1479.839836111045,2651.042302843218,123.046875,0.056548376,0.0832602675116099,klasyczna
177,0.26450014,0.31752366,1436.9886021706789,1514.4726619480969,2749.6333733431693,123.046875,0.032355424,0.07659326323045666,klasyczna
178,0.30838555,0.3501715,1287.147303743516,1359.2338336977564,2389.6855498984132,117.45383522727273,0.056716695,0.07254453487809598,klasyczna
179,0.26408347,0.34444013,1583.7679096938562,1463.8014095116032,2841.282819151509,107.666015625,0.024214586,0.0985617622871517,klasyczna
180,0.2568191,0.33545187,1693.7598865573977,1660.2627844783256,3061.3898215279123,103.359375,0.04988522,0.09470842202012383,klasyczna
181,0.27353898,0.32319435,1650.2905066096603,1612.3077648553128,3033.0649928042762,107.666015625,0.04326335,0.09423374613003097,klasyczna
182,0.3053192,0.42361826,1709.8287404615883,1677.4016198787424,3205.738948668489,103.359375,0.0464041,0.09728248052921827,klasyczna
183,0.3462878,0.4782446,1724.3996568832415,1801.2206175282113,3295.538405663458,107.666015625,0.06381893,0.1003278135884288,klasyczna
184,0.18192142,0.26407826,671.9393710082915,709.8411900562886,1003.4272657459366,112.34714673913044,0.029843155,0.04710326770510836,klasyczna
185,0.1812599,0.24479204,734.5701520687284,682.2297017451613,1087.718422715509,117.45383522727273,0.039192572,0.055120603957043345,klasyczna
186,0.20407483,0.26153144,684.8021741746395,669.5344094968947,1037.6187256615228,129.19921875,0.039030552,0.04989916916602167,klasyczna
187,0.19334073,0.2551222,704.6400401308576,643.0575536514309,1016.9688505284927,129.19921875,0.034539837,0.05414441938370743,klasyczna
188,0.198479,0.2586866,660.2443609594562,660.7723121507898,977.9690863547311,129.19921875,0.031702597,0.04821928514415635,klasyczna
189,0.24189135,0.3508855,846.5902868739007,1260.808021404418,1168.4512678683727,129.19921875,0.011019556,0.04401560685952012,klasyczna
190,0.2098189,0.32048526,658.859831414823,1231.258053026082,816.4200632195724,129.19921875,0.012672415,0.03295293754837461,klasyczna
191,0.21121831,0.31424022,652.097229370461,1174.8979744399348,830.4949781104876,143.5546875,0.014805565,0.03419140322658669,klasyczna
192,0.22368695,0.3274698,657.2900969377249,1193.723519535073,840.0532536462365,135.99917763157896,0.013355304,0.033712192216524765,klasyczna
193,0.20310807,0.34094352,711.705520462626,1246.9601459928447,869.928072997291,129.19921875,0.013649663,0.03891624238099845,klasyczna
194,0.2778297,0.342933,1438.7152468171312,1736.62420649496,2775.816548350426,117.45383522727273,0.1622844,0.076481396937887,klasyczna
195,0.24963175,0.32638732,1841.2416626804795,1916.8512881375486,3455.645770849458,117.45383522727273,0.049873617,0.11330846071981424,klasyczna
196,0.26473033,0.3375548,1467.1902835982958,1749.3358718980019,2818.074626154944,117.45383522727273,0.09831233,0.07941259614454334,klasyczna
197,0.2766088,0.32849777,1405.984352491948,1810.7578860206736,2811.599665308146,117.45383522727273,0.10279737,0.07359176966428019,klasyczna
198,0.2943186,0.3639627,1427.2529242837109,1814.1848806889357,2820.641277301422,117.45383522727273,0.07827845,0.07329925442627709,klasyczna
199,0.3821094,0.47250444,1804.5586204079254,2087.5977404633295,3988.5592150614357,161.4990234375,0.26755083,0.07486765008223684,metal
200,0.37975112,0.48486257,2378.269184123298,2432.6360204113653,5091.619211675213,107.666015625,0.25362575,0.1093976755998452,metal
201,0.4098871,0.52707464,1970.4602646825426,2311.6825379263305,4305.107300938467,161.4990234375,0.29459044,0.08257470854295666,metal
202,0.41427797,0.5296258,2136.9453051087457,2414.6486660894925,4680.838362277476,107.666015625,0.29942054,0.09058675382159442,metal
203,0.33303243,0.53587127,2021.7538260596475,2283.4469921661994,4318.148888744437,161.4990234375,0.3199657,0.08962077326818886,metal
204,0.33637765,0.29623154,2029.961011819456,2105.6509779730695,4225.907779847136,107.666015625,0.1536152,0.08998207115905572,metal
205,0.34678602,0.28149152,989.4397188241445,1651.6623120728673,2117.9121932747194,151.99908088235293,0.0817329,0.03164946848393963,metal
206,0.3762043,0.29489604,1638.087365744225,2273.002032412365,3772.81051966428,151.99908088235293,0.07417441,0.04917090448432663,metal
207,0.45028853,0.41469586,2293.413531930979,2511.0751472331813,5020.594641151074,99.38401442307692,0.16762866,0.0936619430872678,metal
208,0.44022012,0.5248129,2739.879911449181,2624.812748096428,5737.006975770366,103.359375,0.28179643,0.13083178635352166,metal
209,0.444619,0.56507474,2300.8799303402884,2103.2465158707264,4352.2570158305925,107.666015625,0.15751608,0.12450189265673374,metal
210,0.4410665,0.6056063,2481.2447442682005,2327.0670325662645,4870.845546663361,107.666015625,0.17774664,0.12327589855843653,metal
211,0.4436685,0.5961844,2395.4676677720213,2298.303654614973,4757.479565505273,161.4990234375,0.17576124,0.11664328560371517,metal
212,0.4520942,0.5928663,2185.4385613623926,2175.5795308164093,4323.757188165151,107.666015625,0.16157147,0.10339960151412539,metal
213,0.4521008,0.5551507,2467.8524479704524,2309.27368029561,4838.312410053454,107.666015625,0.17600477,0.12483900324109908,metal
214,0.42894873,0.42819175,2202.048406074566,2082.95736940858,4360.256967455979,123.046875,0.113812216,0.11083644241002322,metal
215,0.46183774,0.4590379,2016.3751655458964,2200.950352616341,4194.799634620501,117.45383522727273,0.15260626,0.08475610124806501,metal
216,0.4447991,0.51282376,2394.0235051239256,2305.5852436185373,4741.93799281637,117.45383522727273,0.20124085,0.12202307166698917,metal
217,0.39883587,0.46953753,2043.3198474430676,2195.6018691786603,4226.15777833543,112.34714673913044,0.17471942,0.09364947150735294,metal
218,0.42727667,0.50471044,2362.4104352889944,2280.5743685725743,4721.2964509662825,117.45383522727273,0.1978234,0.12066253567627709,metal
219,0.41214326,0.45474213,1725.755404033638,1602.7646933774786,3214.563895305244,135.99917763157896,0.11127538,0.10077452290537926,metal
220,0.5550119,0.5928272,2386.990393737826,2303.7519026593445,4795.8626667412445,143.5546875,0.15791273,0.11463725087074303,metal
221,0.5020738,0.56312585,2488.4359364200222,2374.570337464217,5030.077917140335,117.45383522727273,0.19290884,0.1220362991002322,metal
222,0.52701056,0.58800286,2557.5395113608542,2432.814690551864,5191.326942089541,117.45383522727273,0.18653616,0.1256984084752322,metal
223,0.5122887,0.5761454,2455.345682898929,2293.4117495152414,4881.062151551616,143.5546875,0.19536172,0.1254716524767802,metal
224,0.39293048,0.4954984,2622.537935774361,2254.2965559089266,5189.826951159781,123.046875,0.10523721,0.14797151642318113,metal
225,0.5473457,0.49149576,2789.4163560819516,2877.0579958811054,6260.412144144253,123.046875,0.15938619,0.09326549801664087,metal
226,0.53544325,0.5547306,2901.761437529757,2727.846115452658,6012.038646024816,123.046875,0.18045485,0.12357635025638544,metal
227,0.47596467,0.52537,2782.788070806665,2595.4104079332355,5599.75780569732,123.046875,0.2099479,0.1316885461010062,metal
228,0.3729936,0.51712245,2672.9107498862495,2602.2377475965436,5544.66647216041,123.046875,0.15566847,0.12489720394736842,metal
229,0.4616476,0.41339818,2593.430430226364,2311.5895376108847,4973.819923991389,107.666015625,0.25562325,0.13472518684694273,metal
230,0.45006958,0.433658,2635.459318307885,2546.916439436316,5485.358497454286,151.99908088235293,0.31852385,0.10546421488003097,metal
231,0.45478597,0.4473004,2587.3036319538546,2456.41362318562,5357.692602765818,151.99908088235293,0.33387506,0.1179626275880418,metal
232,0.45575097,0.45344144,2581.1464516397264,2506.6906868808314,5358.984261622001,151.99908088235293,0.31659874,0.10416150166892414,metal
233,0.4700656,0.4452035,2603.0345021747967,2481.300314441246,5415.067255829141,151.99908088235293,0.33530957,0.1152090539135062,metal
234,0.41673124,0.49383602,2600.700804790245,2477.730840646161,5297.9762971954815,112.34714673913044,0.16677238,0.127358640310565,metal
235,0.23942544,0.3200259,1839.9879111612947,1917.1544511848304,3420.0793192482583,112.34714673913044,0.08219887,0.09251304602844428,metal
236,0.3612944,0.4419408,2738.52299853732,2611.7584722708953,5791.923310365471,112.34714673913044,0.14985836,0.13610272953753869,metal
237,0.4201592,0.5739672,2684.0089147177,2547.3074437615096,5567.091336560323,112.34714673913044,0.21951795,0.1337610959268576,metal
238,0.43099138,0.50228405,2410.1966228901592,2436.351685196317,5094.260862368179,112.34714673913044,0.16289401,0.11234701528637771,metal
239,0.4611536,0.6022379,2304.0334813869204,2355.729053520185,4632.846985808098,117.45383522727273,0.17128527,0.11144490433920279,metal
240,0.4295784,0.5212606,2269.2292290055243,2348.8438501215833,4595.847209540683,117.45383522727273,0.21759057,0.10726805884771672,metal
241,0.41062805,0.576462,2345.5989943120126,2391.5390408816993,4801.170967976006,117.45383522727273,0.20446031,0.10716412901509288,metal
242,0.4450458,0.5948178,2301.167386768411,2374.6354443783102,4771.096149834317,117.45383522727273,0.22171682,0.10349143769349846,metal
243,0.41144145,0.52951366,2250.373907798974,2297.6829194722404,4437.423167509191,117.45383522727273,0.22365034,0.11211383453463622,metal
244,0.46550897,0.627908,1872.498212212055,2007.8464121097143,4047.6755242598683,135.99917763157896,0.12440899,0.0822440227118808,metal
245,0.50755745,0.53217024,2396.375559291236,2564.019177028998,5257.959872502661,135.99917763157896,0.15216407,0.09755269809404024,metal
246,0.46151885,0.4994479,1763.1583727853404,2178.8786413171424,3836.476801349652,135.99917763157896,0.10648687,0.06345350897349071,metal
247,0.3991604,0.46820715,1372.2808398525094,1738.165995975429,2669.583857391641,135.99917763157896,0.059381414,0.061660624879063465,metal
248,0.37199697,0.46683735,1532.9194748223383,1563.5772402304144,2867.8076587594333,103.359375,0.077219464,0.08738382534345976,metal
