ID,liczba sprzedanych produktów 2020,liczba sprzedanych produktów 2021,liczba sprzedanych produktów 2022,średnia prowizja 2020,średnia prowizja 2021,średnia prowizja 2022,kraj,płeć,sprzęt_komputerowy,oprogramowanie,wyposażenie_biura,organizacja_pracy,atmosfera,szkolenia,benefity,prowizje,płaca,zadowolenie
1,309,250,376,490,529,487,Francja,K,57.0,33.0,65.0,50.0,71.0,58.0,57.0,69.0,75.0,80
2,307,299,345,430,451,420,Niemcy,M,60.0,47.0,65.0,59.0,70.0,65.0,60.0,73.0,83.0,80
3,248,294,345,487,523,535,Niemcy,M,64.0,44.0,71.0,59.0,58.0,58.0,49.0,58.0,72.0,73
4,332,297,354,498,417,472,Francja,M,49.0,33.0,58.0,61.0,75.0,65.0,45.0,56.0,69.0,78
5,281,249,360,446,499,474,Francja,K,62.0,49.0,61.0,53.0,65.0,49.0,46.0,59.0,62.0,74
6,346,320,314,468,437,535,Hiszpania,K,46.0,29.0,46.0,45.0,62.0,49.0,59.0,66.0,86.0,84
7,296,352,325,374,394,540,Francja,K,58.0,39.0,63.0,51.0,66.0,54.0,46.0,59.0,68.0,76
8,290,292,332,375,439,470,Niemcy,M,52.0,32.0,67.0,56.0,68.0,62.0,54.0,63.0,78.0,76
9,252,321,348,507,366,541,Francja,M,54.0,32.0,53.0,54.0,61.0,48.0,52.0,68.0,75.0,70
10,294,277,332,444,473,526,Francja,M,47.0,34.0,52.0,53.0,70.0,54.0,55.0,52.0,63.0,69
11,289,325,329,457,607,551,Hiszpania,K,64.0,49.0,74.0,53.0,73.0,60.0,58.0,72.0,86.0,79
12,285,288,350,577,521,440,Hiszpania,K,52.0,30.0,57.0,51.0,59.0,63.0,55.0,68.0,80.0,84
13,300,327,328,517,464,476,Hiszpania,M,50.0,25.0,60.0,54.0,78.0,62.0,56.0,68.0,77.0,78
14,292,288,347,521,481,486,Hiszpania,M,56.0,38.0,61.0,63.0,60.0,53.0,41.0,59.0,76.0,82
15,276,294,316,448,460,539,Francja,K,50.0,26.0,54.0,67.0,78.0,69.0,47.0,56.0,63.0,77
16,241,314,322,420,469,438,Francja,M,47.0,27.0,51.0,63.0,71.0,62.0,58.0,63.0,79.0,76
17,310,280,347,426,429,590,Niemcy,K,61.0,35.0,67.0,43.0,68.0,46.0,55.0,78.0,87.0,71
18,279,310,354,516,444,556,Hiszpania,K,45.0,21.0,48.0,63.0,67.0,67.0,52.0,56.0,64.0,83
19,242,305,338,494,452,584,Niemcy,M,62.0,43.0,65.0,54.0,58.0,54.0,47.0,55.0,64.0,75
20,304,315,332,451,348,474,Francja,M,63.0,44.0,78.0,54.0,84.0,67.0,53.0,72.0,92.0,74
21,323,300,373,404,525,517,Francja,M,56.0,33.0,54.0,46.0,70.0,60.0,56.0,67.0,78.0,76
22,262,270,337,510,475,541,Hiszpania,M,51.0,29.0,57.0,65.0,67.0,69.0,53.0,68.0,69.0,83
23,345,317,330,468,390,571,Niemcy,M,61.0,42.0,66.0,57.0,70.0,52.0,71.0,77.0,90.0,77
24,307,301,329,494,553,471,Niemcy,K,39.0,19.0,41.0,53.0,66.0,57.0,61.0,76.0,85.0,79
25,276,325,378,404,482,423,Francja,M,49.0,31.0,56.0,48.0,60.0,58.0,50.0,61.0,70.0,80
26,234,319,334,458,488,530,Hiszpania,K,66.0,43.0,64.0,69.0,66.0,67.0,60.0,75.0,86.0,78
27,296,282,320,433,489,545,Francja,M,54.0,38.0,62.0,67.0,67.0,69.0,49.0,65.0,80.0,80
28,238,284,361,521,463,418,Francja,K,55.0,31.0,60.0,51.0,81.0,56.0,59.0,70.0,80.0,72
29,309,311,331,393,575,443,Hiszpania,M,51.0,30.0,53.0,51.0,78.0,55.0,59.0,71.0,73.0,82
30,285,296,356,587,407,532,Hiszpania,K,58.0,39.0,60.0,41.0,79.0,53.0,70.0,70.0,74.0,84
31,298,273,326,392,443,467,Hiszpania,K,46.0,31.0,55.0,54.0,69.0,54.0,55.0,63.0,76.0,79
32,236,266,347,498,546,507,Hiszpania,K,54.0,32.0,68.0,63.0,72.0,72.0,61.0,59.0,68.0,84
33,266,318,329,464,352,509,Niemcy,M,52.0,33.0,57.0,52.0,65.0,51.0,54.0,50.0,73.0,73
34,319,291,348,460,485,558,Niemcy,M,43.0,26.0,42.0,52.0,62.0,59.0,56.0,70.0,83.0,76
35,337,315,361,465,459,450,Francja,K,53.0,38.0,65.0,63.0,70.0,63.0,55.0,62.0,73.0,72
36,298,325,355,447,593,502,Hiszpania,K,48.0,24.0,50.0,58.0,78.0,59.0,50.0,52.0,68.0,80
37,300,325,330,481,571,468,Francja,K,63.0,49.0,76.0,56.0,71.0,62.0,58.0,70.0,80.0,74
38,302,296,332,349,494,417,Francja,K,68.0,45.0,78.0,51.0,67.0,55.0,56.0,68.0,71.0,78
39,281,320,355,468,356,491,Niemcy,M,62.0,50.0,68.0,59.0,80.0,62.0,59.0,72.0,81.0,76
40,251,354,335,459,437,446,Niemcy,K,47.0,37.0,58.0,66.0,79.0,74.0,48.0,58.0,66.0,78
41,315,292,336,447,509,537,Francja,K,62.0,45.0,70.0,47.0,73.0,58.0,53.0,58.0,72.0,70
42,265,319,318,486,455,474,Francja,K,55.0,39.0,65.0,55.0,65.0,53.0,54.0,71.0,75.0,70
43,313,340,356,502,526,449,Francja,K,52.0,32.0,63.0,55.0,57.0,52.0,60.0,56.0,59.0,76
44,311,314,349,520,496,462,Hiszpania,K,58.0,35.0,71.0,46.0,74.0,55.0,60.0,70.0,92.0,75
45,229,336,345,508,428,495,Hiszpania,K,45.0,23.0,41.0,44.0,62.0,45.0,49.0,59.0,85.0,75
46,286,314,320,402,522,509,Hiszpania,M,51.0,19.0,63.0,68.0,70.0,68.0,63.0,67.0,79.0,75
47,257,299,356,444,433,482,Niemcy,K,62.0,40.0,69.0,46.0,76.0,57.0,60.0,72.0,79.0,78
48,326,247,327,459,454,596,Niemcy,K,52.0,38.0,55.0,48.0,66.0,53.0,54.0,69.0,72.0,76
49,270,287,329,541,495,536,Hiszpania,M,49.0,36.0,56.0,59.0,65.0,58.0,52.0,67.0,83.0,84
50,321,331,344,439,511,504,Hiszpania,K,62.0,45.0,75.0,59.0,69.0,63.0,45.0,60.0,66.0,80
51,339,289,317,402,568,419,Niemcy,M,64.0,50.0,73.0,60.0,66.0,56.0,52.0,51.0,69.0,79
52,301,303,332,433,458,557,Francja,K,46.0,28.0,52.0,50.0,66.0,54.0,50.0,56.0,69.0,83
53,273,290,347,537,358,500,Niemcy,M,53.0,35.0,53.0,51.0,66.0,51.0,60.0,75.0,85.0,76
54,292,299,336,512,500,384,Francja,K,50.0,30.0,55.0,55.0,63.0,58.0,60.0,67.0,76.0,77
55,297,327,313,391,453,467,Francja,M,59.0,45.0,65.0,41.0,58.0,50.0,51.0,55.0,65.0,80
56,294,276,357,471,518,469,Hiszpania,M,50.0,26.0,61.0,58.0,71.0,57.0,43.0,47.0,55.0,77
57,316,305,340,478,439,518,Niemcy,M,57.0,34.0,55.0,64.0,74.0,68.0,45.0,60.0,76.0,74
58,307,290,327,465,489,480,Francja,K,60.0,39.0,63.0,52.0,76.0,59.0,54.0,78.0,90.0,78
59,306,257,344,416,347,458,Hiszpania,M,56.0,38.0,61.0,65.0,83.0,68.0,55.0,64.0,71.0,85
60,297,295,337,569,549,520,Hiszpania,K,50.0,32.0,58.0,64.0,83.0,69.0,53.0,60.0,66.0,83
61,325,291,370,498,444,528,Niemcy,M,59.0,36.0,70.0,70.0,84.0,67.0,59.0,68.0,70.0,71
62,309,365,360,529,482,511,Niemcy,M,54.0,32.0,61.0,56.0,62.0,55.0,59.0,66.0,72.0,79
63,240,306,356,514,465,419,Hiszpania,M,55.0,40.0,54.0,54.0,68.0,56.0,57.0,72.0,80.0,85
64,287,302,319,498,512,609,Hiszpania,K,51.0,33.0,49.0,53.0,70.0,54.0,53.0,54.0,72.0,77
65,301,279,338,433,363,372,Francja,M,46.0,27.0,45.0,56.0,68.0,61.0,44.0,57.0,77.0,75
66,309,337,316,392,513,459,Hiszpania,M,50.0,29.0,53.0,54.0,73.0,71.0,50.0,55.0,77.0,88
67,292,301,342,435,419,623,Niemcy,K,52.0,29.0,60.0,51.0,69.0,56.0,52.0,70.0,72.0,77
68,306,254,336,492,450,458,Hiszpania,K,53.0,31.0,59.0,41.0,65.0,59.0,59.0,63.0,64.0,83
69,276,282,344,526,506,501,Hiszpania,K,65.0,45.0,70.0,63.0,71.0,70.0,60.0,72.0,87.0,80
70,322,305,338,456,431,481,Francja,M,65.0,44.0,70.0,68.0,74.0,57.0,57.0,67.0,83.0,72
71,243,328,357,430,323,502,Hiszpania,K,62.0,47.0,76.0,61.0,75.0,63.0,54.0,63.0,73.0,78
72,261,273,347,504,441,540,Hiszpania,K,35.0,25.0,47.0,54.0,65.0,64.0,46.0,52.0,68.0,75
73,324,294,331,450,437,484,Niemcy,M,46.0,29.0,51.0,69.0,73.0,65.0,49.0,59.0,73.0,71
74,267,294,332,473,508,379,Francja,K,57.0,32.0,61.0,52.0,67.0,57.0,49.0,60.0,79.0,78
75,310,266,357,470,512,475,Hiszpania,K,45.0,28.0,60.0,54.0,68.0,64.0,51.0,66.0,74.0,78
76,297,356,371,358,424,510,Niemcy,K,56.0,41.0,59.0,46.0,69.0,50.0,52.0,63.0,79.0,75
77,305,260,339,412,381,502,Niemcy,M,52.0,32.0,50.0,54.0,75.0,52.0,49.0,69.0,79.0,83
78,328,304,346,450,419,462,Hiszpania,M,62.0,47.0,66.0,58.0,73.0,62.0,53.0,57.0,69.0,83
79,306,269,367,487,525,500,Hiszpania,M,58.0,34.0,53.0,52.0,64.0,60.0,63.0,56.0,69.0,78
80,248,287,326,376,499,457,Francja,M,56.0,51.0,61.0,64.0,70.0,69.0,62.0,73.0,73.0,72
81,316,271,356,464,403,498,Hiszpania,M,42.0,21.0,48.0,43.0,61.0,53.0,60.0,60.0,67.0,80
82,320,319,358,418,436,550,Hiszpania,M,47.0,31.0,51.0,49.0,69.0,61.0,50.0,65.0,85.0,78
83,281,310,341,475,425,506,Francja,K,54.0,36.0,55.0,48.0,66.0,57.0,58.0,68.0,84.0,76
84,297,296,349,532,492,476,Hiszpania,K,60.0,46.0,71.0,56.0,68.0,65.0,59.0,64.0,75.0,79
85,319,277,344,454,515,440,Niemcy,K,51.0,32.0,54.0,53.0,69.0,62.0,49.0,53.0,58.0,76
86,340,332,329,435,582,481,Hiszpania,M,51.0,25.0,46.0,55.0,72.0,64.0,68.0,73.0,73.0,80
87,270,335,348,421,480,477,Niemcy,K,60.0,45.0,69.0,55.0,59.0,60.0,48.0,67.0,74.0,78
88,271,256,353,410,427,574,Niemcy,K,56.0,45.0,63.0,53.0,67.0,59.0,50.0,62.0,82.0,72
89,321,269,346,526,397,559,Hiszpania,K,51.0,33.0,47.0,55.0,62.0,57.0,53.0,62.0,70.0,83
90,286,324,336,371,482,474,Francja,K,57.0,45.0,66.0,58.0,76.0,74.0,63.0,69.0,74.0,71
91,296,284,331,535,277,498,Niemcy,K,41.0,23.0,49.0,51.0,74.0,59.0,50.0,70.0,86.0,86
92,280,310,321,467,444,563,Francja,K,38.0,16.0,41.0,51.0,60.0,55.0,65.0,81.0,84.0,75
93,299,288,345,463,504,579,Francja,M,51.0,32.0,61.0,55.0,68.0,56.0,52.0,66.0,79.0,79
94,305,261,354,423,525,573,Niemcy,K,50.0,25.0,52.0,45.0,68.0,53.0,46.0,46.0,59.0,77
95,278,264,323,449,483,634,Niemcy,K,61.0,39.0,70.0,64.0,69.0,76.0,54.0,56.0,64.0,67
96,257,285,354,377,440,500,Niemcy,M,66.0,49.0,79.0,66.0,68.0,60.0,55.0,59.0,67.0,74
97,289,293,367,400,397,537,Niemcy,M,61.0,45.0,62.0,58.0,71.0,61.0,47.0,60.0,68.0,80
98,331,318,350,454,409,448,Niemcy,K,58.0,42.0,68.0,43.0,77.0,55.0,48.0,52.0,72.0,79
99,279,289,335,554,391,451,Niemcy,M,59.0,28.0,63.0,48.0,69.0,61.0,60.0,72.0,84.0,76
100,259,325,302,422,435,486,Hiszpania,M,60.0,32.0,75.0,59.0,60.0,58.0,47.0,60.0,68.0,77
101,262,305,340,444,440,498,Hiszpania,K,56.0,37.0,67.0,61.0,67.0,65.0,55.0,74.0,94.0,81
102,297,228,341,490,469,510,Niemcy,K,48.0,23.0,48.0,55.0,59.0,52.0,73.0,73.0,79.0,84
103,301,272,319,484,476,495,Francja,K,54.0,26.0,56.0,55.0,67.0,52.0,52.0,60.0,75.0,83
104,344,329,352,433,437,548,Hiszpania,M,40.0,24.0,42.0,42.0,66.0,52.0,60.0,63.0,76.0,68
105,262,313,349,518,327,476,Hiszpania,K,54.0,35.0,57.0,54.0,65.0,53.0,56.0,70.0,75.0,81
106,309,316,362,503,476,515,Niemcy,M,54.0,43.0,58.0,52.0,60.0,54.0,66.0,71.0,69.0,80
107,223,321,345,460,396,515,Hiszpania,M,50.0,37.0,58.0,48.0,69.0,50.0,52.0,43.0,63.0,78
108,354,284,362,401,506,460,Hiszpania,K,52.0,40.0,67.0,58.0,80.0,68.0,57.0,66.0,79.0,68
109,271,316,321,582,559,509,Niemcy,M,46.0,23.0,49.0,41.0,62.0,47.0,40.0,48.0,69.0,67
110,251,282,352,427,418,615,Niemcy,M,61.0,43.0,63.0,62.0,62.0,59.0,66.0,73.0,84.0,78
111,290,309,341,519,415,431,Francja,M,52.0,37.0,54.0,39.0,71.0,47.0,49.0,66.0,78.0,74
112,262,278,355,442,436,546,Francja,M,56.0,38.0,60.0,54.0,80.0,65.0,52.0,71.0,76.0,74
113,290,253,340,427,421,516,Niemcy,K,54.0,35.0,66.0,58.0,66.0,61.0,48.0,58.0,82.0,83
114,292,320,353,515,459,588,Francja,K,41.0,23.0,38.0,62.0,84.0,73.0,48.0,59.0,66.0,76
115,294,295,354,343,435,376,Niemcy,K,66.0,46.0,78.0,50.0,64.0,52.0,56.0,81.0,81.0,75
116,306,321,359,391,477,459,Niemcy,M,59.0,45.0,63.0,53.0,74.0,61.0,63.0,61.0,78.0,78
117,266,292,349,351,414,541,Niemcy,K,58.0,42.0,68.0,58.0,74.0,60.0,48.0,56.0,76.0,87
118,329,302,348,490,500,478,Hiszpania,K,43.0,21.0,45.0,55.0,70.0,61.0,54.0,66.0,76.0,82
119,347,289,358,372,403,529,Niemcy,M,52.0,34.0,60.0,65.0,60.0,59.0,59.0,64.0,77.0,79
120,371,307,358,431,432,473,Francja,K,68.0,46.0,70.0,63.0,60.0,65.0,63.0,68.0,72.0,80
121,273,272,352,457,450,502,Niemcy,K,53.0,35.0,61.0,59.0,69.0,59.0,54.0,66.0,78.0,74
122,329,263,363,487,473,469,Francja,K,59.0,44.0,70.0,56.0,69.0,52.0,71.0,81.0,99.0,80
123,312,322,326,534,488,433,Hiszpania,M,55.0,33.0,63.0,61.0,70.0,59.0,45.0,47.0,59.0,74
124,358,278,346,354,499,539,Hiszpania,K,58.0,32.0,66.0,54.0,89.0,67.0,48.0,56.0,66.0,88
125,307,255,333,392,490,545,Niemcy,M,50.0,39.0,54.0,48.0,72.0,47.0,55.0,79.0,84.0,76
126,360,307,361,515,376,544,Hiszpania,M,61.0,39.0,61.0,58.0,69.0,69.0,49.0,53.0,59.0,68
127,306,359,370,449,345,493,Hiszpania,M,51.0,27.0,57.0,50.0,73.0,65.0,49.0,58.0,74.0,76
128,280,290,354,508,541,489,Hiszpania,K,63.0,40.0,65.0,58.0,71.0,61.0,44.0,64.0,70.0,80
129,292,309,358,382,416,449,Hiszpania,M,62.0,43.0,70.0,38.0,61.0,41.0,47.0,62.0,68.0,76
130,314,303,359,459,457,485,Niemcy,M,55.0,30.0,61.0,57.0,82.0,62.0,59.0,59.0,75.0,71
131,288,295,337,439,443,375,Niemcy,M,49.0,30.0,58.0,61.0,65.0,65.0,50.0,62.0,82.0,76
132,316,297,354,521,447,511,Francja,M,48.0,28.0,45.0,53.0,66.0,60.0,53.0,67.0,81.0,82
133,295,293,347,434,469,543,Niemcy,M,54.0,35.0,65.0,55.0,62.0,54.0,56.0,81.0,88.0,73
134,360,313,342,431,484,464,Niemcy,M,53.0,33.0,54.0,49.0,74.0,57.0,55.0,71.0,80.0,77
135,345,298,363,528,442,412,Niemcy,K,50.0,38.0,52.0,56.0,71.0,56.0,50.0,65.0,79.0,69
136,263,318,314,454,389,408,Niemcy,M,60.0,42.0,70.0,58.0,74.0,64.0,49.0,62.0,64.0,66
137,235,290,345,534,387,364,Niemcy,K,53.0,32.0,59.0,67.0,77.0,61.0,55.0,64.0,79.0,70
138,317,269,336,463,513,526,Niemcy,K,37.0,23.0,42.0,43.0,57.0,39.0,58.0,58.0,69.0,63
139,373,292,326,450,430,625,Hiszpania,M,51.0,32.0,54.0,61.0,69.0,60.0,56.0,70.0,80.0,85
140,276,303,337,546,409,527,Hiszpania,K,49.0,28.0,54.0,58.0,77.0,69.0,45.0,58.0,72.0,87
141,328,305,328,480,497,560,Hiszpania,K,54.0,31.0,56.0,50.0,64.0,55.0,48.0,62.0,73.0,93
142,235,292,336,435,487,485,Francja,K,53.0,35.0,55.0,62.0,80.0,75.0,61.0,78.0,82.0,75
143,331,275,340,476,535,436,Niemcy,M,48.0,26.0,54.0,56.0,67.0,66.0,55.0,68.0,66.0,92
144,339,287,356,519,531,447,Francja,M,48.0,23.0,61.0,49.0,68.0,47.0,50.0,63.0,72.0,72
145,295,321,337,359,334,480,Niemcy,K,47.0,25.0,60.0,58.0,79.0,74.0,45.0,56.0,54.0,75
146,301,282,336,439,531,564,Hiszpania,M,44.0,19.0,55.0,59.0,61.0,62.0,44.0,47.0,66.0,84
147,275,273,341,433,451,504,Francja,M,55.0,36.0,60.0,50.0,71.0,57.0,57.0,62.0,77.0,78
148,266,296,346,522,456,481,Francja,K,58.0,40.0,65.0,58.0,62.0,59.0,41.0,47.0,62.0,73
149,286,287,340,424,480,463,Francja,K,48.0,28.0,47.0,64.0,72.0,61.0,52.0,59.0,70.0,77
150,264,302,327,461,432,481,Niemcy,M,51.0,31.0,66.0,60.0,69.0,64.0,60.0,77.0,79.0,76
151,326,343,369,409,368,460,Francja,M,57.0,40.0,64.0,52.0,74.0,56.0,49.0,69.0,86.0,84
152,321,296,337,503,456,435,Hiszpania,M,45.0,38.0,49.0,52.0,66.0,47.0,56.0,68.0,84.0,79
153,327,240,336,502,367,527,Francja,K,57.0,41.0,59.0,54.0,73.0,61.0,53.0,64.0,74.0,70
154,312,308,321,526,491,500,Francja,M,58.0,44.0,66.0,52.0,56.0,52.0,45.0,64.0,75.0,72
155,331,277,356,387,519,458,Niemcy,M,65.0,42.0,69.0,64.0,72.0,70.0,67.0,77.0,81.0,82
156,322,270,347,449,510,428,Niemcy,M,57.0,32.0,64.0,52.0,71.0,60.0,67.0,81.0,78.0,77
157,230,324,326,444,607,391,Francja,M,48.0,30.0,54.0,47.0,71.0,53.0,64.0,81.0,84.0,80
158,302,324,352,459,449,505,Francja,M,60.0,40.0,67.0,69.0,65.0,66.0,51.0,65.0,69.0,71
159,277,270,344,433,518,487,Francja,M,41.0,24.0,41.0,54.0,76.0,57.0,54.0,70.0,84.0,74
160,307,290,329,515,369,409,Hiszpania,K,51.0,26.0,53.0,55.0,56.0,60.0,48.0,56.0,69.0,80
161,294,254,351,367,326,495,Hiszpania,M,62.0,40.0,67.0,54.0,65.0,58.0,51.0,59.0,77.0,79
162,341,338,353,549,464,414,Francja,K,57.0,38.0,69.0,55.0,65.0,57.0,55.0,70.0,86.0,76
163,226,291,327,515,474,466,Niemcy,K,52.0,36.0,54.0,65.0,54.0,49.0,59.0,66.0,75.0,71
164,344,290,366,476,449,462,Francja,M,56.0,38.0,73.0,60.0,56.0,65.0,53.0,70.0,81.0,82
165,293,252,345,421,476,480,Niemcy,K,54.0,38.0,61.0,69.0,70.0,66.0,50.0,60.0,70.0,80
166,256,331,362,495,396,521,Francja,M,60.0,44.0,68.0,57.0,70.0,50.0,59.0,72.0,80.0,77
167,270,327,334,486,497,518,Niemcy,K,69.0,44.0,77.0,54.0,72.0,61.0,64.0,70.0,77.0,77
168,307,272,339,431,492,584,Hiszpania,K,61.0,46.0,65.0,56.0,73.0,68.0,55.0,71.0,80.0,80
169,251,325,352,525,405,460,Francja,M,45.0,23.0,53.0,54.0,75.0,63.0,56.0,64.0,71.0,82
170,362,321,325,437,462,499,Niemcy,K,53.0,34.0,59.0,58.0,63.0,62.0,57.0,61.0,81.0,73
171,274,333,358,413,496,638,Francja,M,58.0,37.0,67.0,65.0,62.0,58.0,44.0,55.0,65.0,76
172,288,286,342,531,514,513,Hiszpania,K,58.0,43.0,73.0,64.0,63.0,56.0,50.0,68.0,73.0,69
173,304,348,335,453,487,469,Niemcy,K,48.0,36.0,54.0,49.0,67.0,59.0,54.0,75.0,72.0,80
174,310,348,337,436,434,451,Francja,M,53.0,34.0,63.0,60.0,71.0,62.0,61.0,68.0,71.0,80
175,300,268,327,375,441,469,Francja,M,56.0,26.0,57.0,50.0,55.0,51.0,49.0,62.0,63.0,64
176,283,260,336,467,437,630,Francja,M,56.0,34.0,62.0,65.0,66.0,53.0,59.0,79.0,74.0,70
177,311,290,373,407,472,518,Niemcy,K,45.0,21.0,55.0,63.0,66.0,60.0,47.0,67.0,78.0,80
178,285,313,356,455,461,524,Niemcy,K,49.0,21.0,44.0,59.0,59.0,52.0,56.0,75.0,82.0,85
179,277,302,356,419,475,604,Niemcy,M,56.0,33.0,68.0,48.0,63.0,52.0,61.0,74.0,82.0,68
180,350,304,343,469,475,562,Niemcy,M,56.0,36.0,64.0,39.0,76.0,44.0,68.0,82.0,78.0,68
181,327,341,337,501,477,530,Francja,M,43.0,26.0,46.0,48.0,67.0,55.0,53.0,58.0,79.0,78
182,273,275,347,486,482,519,Hiszpania,M,53.0,35.0,65.0,50.0,67.0,65.0,72.0,80.0,88.0,74
183,292,338,317,496,555,522,Hiszpania,M,53.0,36.0,68.0,43.0,76.0,54.0,58.0,66.0,78.0,77
184,250,323,348,579,416,452,Francja,M,61.0,35.0,73.0,48.0,65.0,56.0,55.0,66.0,63.0,70
185,257,296,339,510,444,560,Niemcy,M,43.0,30.0,50.0,57.0,84.0,62.0,60.0,72.0,75.0,73
186,278,244,349,412,408,457,Francja,M,37.0,22.0,46.0,54.0,59.0,52.0,52.0,64.0,81.0,76
187,302,329,356,471,489,502,Niemcy,K,57.0,37.0,58.0,53.0,70.0,71.0,59.0,78.0,84.0,76
188,285,262,338,425,450,452,Niemcy,M,47.0,35.0,49.0,63.0,68.0,67.0,44.0,64.0,70.0,73
189,343,307,331,633,460,531,Hiszpania,K,54.0,33.0,66.0,60.0,72.0,72.0,57.0,63.0,71.0,88
190,308,278,316,464,470,493,Francja,M,45.0,30.0,54.0,60.0,70.0,62.0,46.0,60.0,72.0,78
191,278,339,342,401,489,531,Francja,M,44.0,21.0,47.0,56.0,62.0,63.0,50.0,66.0,70.0,83
192,342,291,346,383,441,453,Francja,M,60.0,39.0,64.0,58.0,68.0,57.0,56.0,68.0,83.0,68
193,278,258,348,442,489,534,Niemcy,K,52.0,31.0,59.0,67.0,74.0,73.0,54.0,65.0,78.0,69
194,309,317,330,444,451,494,Francja,K,44.0,21.0,52.0,56.0,69.0,55.0,68.0,84.0,81.0,74
195,291,262,338,457,630,506,Hiszpania,K,51.0,38.0,60.0,52.0,76.0,59.0,50.0,60.0,75.0,85
196,313,269,352,523,468,579,Hiszpania,M,42.0,23.0,46.0,54.0,60.0,62.0,51.0,59.0,62.0,81
197,305,371,332,401,466,451,Hiszpania,K,35.0,19.0,35.0,57.0,66.0,64.0,48.0,65.0,80.0,76
198,305,305,329,399,392,470,Hiszpania,M,61.0,40.0,78.0,65.0,74.0,68.0,63.0,66.0,70.0,74
199,267,283,358,451,507,469,Hiszpania,K,48.0,24.0,51.0,69.0,79.0,70.0,45.0,61.0,75.0,83
200,249,317,343,501,425,451,Niemcy,K,49.0,36.0,51.0,59.0,75.0,70.0,41.0,51.0,63.0,69
201,307,273,348,539,415,557,Hiszpania,M,56.0,31.0,54.0,46.0,62.0,52.0,70.0,69.0,83.0,80
202,278,321,313,383,389,537,Francja,M,62.0,50.0,76.0,53.0,66.0,68.0,56.0,64.0,70.0,74
203,247,260,355,511,512,407,Niemcy,K,57.0,33.0,53.0,63.0,76.0,71.0,60.0,69.0,82.0,71
204,308,340,332,541,496,511,Hiszpania,M,51.0,34.0,54.0,54.0,64.0,69.0,43.0,54.0,76.0,77
205,305,297,309,481,447,501,Hiszpania,K,55.0,34.0,58.0,62.0,73.0,67.0,55.0,65.0,81.0,79
206,304,273,363,463,371,510,Francja,K,52.0,28.0,54.0,59.0,86.0,84.0,59.0,75.0,93.0,81
207,305,261,337,501,449,486,Hiszpania,K,65.0,38.0,80.0,55.0,64.0,60.0,47.0,56.0,75.0,76
208,312,339,343,509,366,447,Hiszpania,M,60.0,48.0,64.0,53.0,70.0,58.0,51.0,69.0,77.0,82
209,275,322,364,426,537,492,Niemcy,M,36.0,18.0,45.0,56.0,82.0,65.0,43.0,52.0,59.0,72
210,279,296,342,478,413,506,Hiszpania,K,58.0,39.0,63.0,56.0,72.0,63.0,62.0,73.0,80.0,77
211,259,338,342,443,473,548,Hiszpania,K,46.0,28.0,53.0,60.0,60.0,61.0,57.0,70.0,81.0,79
212,262,328,351,457,347,523,Hiszpania,M,47.0,24.0,52.0,63.0,61.0,65.0,54.0,67.0,82.0,69
213,265,302,332,275,599,403,Niemcy,M,56.0,35.0,69.0,54.0,62.0,66.0,58.0,60.0,71.0,82
214,263,317,339,514,449,556,Hiszpania,K,60.0,42.0,58.0,65.0,74.0,61.0,49.0,62.0,83.0,74
215,233,259,341,435,459,482,Niemcy,K,54.0,32.0,61.0,61.0,63.0,55.0,56.0,76.0,89.0,71
216,260,297,340,528,426,370,Niemcy,M,44.0,29.0,50.0,46.0,75.0,54.0,54.0,71.0,90.0,79
217,283,291,316,550,377,458,Hiszpania,K,51.0,29.0,50.0,40.0,62.0,50.0,54.0,60.0,76.0,78
218,288,286,345,497,391,512,Niemcy,K,54.0,30.0,61.0,60.0,80.0,72.0,47.0,54.0,68.0,84
219,279,321,345,467,357,448,Niemcy,K,53.0,34.0,56.0,55.0,80.0,67.0,61.0,72.0,76.0,75
220,290,301,325,442,435,438,Niemcy,K,49.0,32.0,50.0,59.0,65.0,58.0,61.0,63.0,72.0,69
221,319,264,328,465,541,544,Niemcy,M,46.0,31.0,51.0,48.0,74.0,54.0,50.0,60.0,78.0,71
222,273,328,340,406,367,493,Niemcy,K,57.0,46.0,71.0,54.0,63.0,63.0,62.0,65.0,67.0,77
223,310,323,306,414,353,506,Francja,K,38.0,25.0,44.0,45.0,81.0,51.0,57.0,81.0,89.0,77
224,299,280,343,541,361,521,Francja,K,60.0,46.0,68.0,58.0,55.0,64.0,54.0,57.0,75.0,77
225,282,348,323,443,333,517,Niemcy,K,75.0,60.0,87.0,55.0,73.0,65.0,55.0,64.0,77.0,77
226,286,311,341,439,461,577,Niemcy,K,48.0,25.0,42.0,46.0,75.0,65.0,45.0,46.0,69.0,80
227,268,328,348,433,531,544,Francja,K,63.0,36.0,62.0,53.0,73.0,57.0,52.0,69.0,88.0,88
228,329,334,350,515,485,579,Hiszpania,K,49.0,30.0,56.0,52.0,84.0,65.0,48.0,68.0,83.0,75
229,296,300,333,373,450,505,Niemcy,K,49.0,40.0,55.0,51.0,55.0,51.0,49.0,68.0,67.0,77
230,298,327,325,479,478,570,Hiszpania,M,49.0,26.0,52.0,52.0,66.0,62.0,56.0,67.0,74.0,79
231,310,262,320,395,477,489,Francja,K,61.0,34.0,62.0,44.0,65.0,49.0,48.0,56.0,63.0,73
232,316,323,347,434,471,479,Francja,M,54.0,33.0,60.0,69.0,70.0,65.0,43.0,52.0,73.0,81
233,263,308,349,511,409,468,Niemcy,M,42.0,19.0,41.0,51.0,55.0,48.0,61.0,66.0,73.0,72
234,301,315,347,535,572,530,Hiszpania,M,31.0,26.0,36.0,54.0,70.0,53.0,45.0,60.0,62.0,81
235,287,288,349,377,438,445,Niemcy,K,47.0,28.0,50.0,50.0,54.0,53.0,52.0,74.0,81.0,82
236,243,341,346,528,400,429,Hiszpania,M,48.0,28.0,55.0,48.0,81.0,52.0,59.0,73.0,78.0,85
237,250,264,344,416,492,539,Niemcy,M,70.0,46.0,72.0,59.0,66.0,56.0,67.0,65.0,80.0,74
238,273,247,327,414,446,455,Francja,K,61.0,40.0,65.0,48.0,77.0,58.0,53.0,60.0,80.0,74
239,231,269,345,558,429,509,Niemcy,K,57.0,49.0,68.0,61.0,69.0,58.0,50.0,58.0,66.0,88
240,303,276,336,488,435,580,Niemcy,M,51.0,40.0,56.0,54.0,69.0,54.0,54.0,61.0,76.0,75
241,318,271,358,494,436,527,Francja,K,40.0,17.0,41.0,59.0,71.0,60.0,58.0,72.0,90.0,86
242,278,284,321,522,396,459,Francja,K,48.0,25.0,50.0,57.0,66.0,65.0,55.0,59.0,75.0,86
243,306,297,354,469,437,499,Francja,M,60.0,43.0,75.0,46.0,58.0,56.0,45.0,57.0,72.0,78
244,234,303,334,391,429,472,Hiszpania,M,52.0,39.0,57.0,49.0,76.0,59.0,52.0,57.0,69.0,82
245,325,296,315,455,441,608,Hiszpania,K,58.0,44.0,60.0,63.0,65.0,57.0,60.0,67.0,81.0,77
246,266,272,352,497,455,491,Hiszpania,M,53.0,29.0,58.0,51.0,68.0,45.0,61.0,71.0,76.0,82
247,293,311,340,429,450,398,Niemcy,M,52.0,27.0,63.0,59.0,58.0,63.0,61.0,58.0,78.0,82
248,304,323,361,454,412,535,Hiszpania,K,54.0,37.0,58.0,57.0,67.0,54.0,60.0,67.0,74.0,76
249,328,280,332,482,436,488,Francja,K,45.0,18.0,52.0,48.0,63.0,55.0,57.0,71.0,84.0,79
250,290,238,351,403,403,482,Francja,K,49.0,29.0,59.0,58.0,76.0,59.0,59.0,66.0,80.0,70
251,351,316,324,480,479,486,Francja,K,46.0,25.0,60.0,60.0,67.0,64.0,39.0,42.0,63.0,65
252,328,369,339,365,458,474,Niemcy,K,35.0,17.0,44.0,46.0,71.0,52.0,48.0,71.0,76.0,75
253,304,287,334,458,463,552,Hiszpania,K,55.0,34.0,58.0,66.0,72.0,65.0,58.0,80.0,89.0,78
254,274,313,314,392,454,388,Niemcy,K,60.0,44.0,62.0,32.0,57.0,41.0,60.0,65.0,67.0,80
255,296,333,344,395,416,525,Hiszpania,K,52.0,33.0,56.0,49.0,69.0,54.0,46.0,56.0,75.0,73
256,285,279,331,459,415,542,Hiszpania,K,61.0,51.0,73.0,56.0,74.0,58.0,53.0,50.0,55.0,81
257,314,283,313,418,505,499,Francja,M,48.0,36.0,55.0,40.0,65.0,53.0,62.0,68.0,85.0,75
258,220,277,337,562,413,557,Hiszpania,K,57.0,30.0,59.0,45.0,63.0,51.0,61.0,81.0,82.0,75
259,276,351,357,519,475,573,Hiszpania,M,48.0,30.0,56.0,57.0,66.0,63.0,45.0,60.0,64.0,85
260,276,297,364,409,416,472,Hiszpania,M,53.0,37.0,61.0,51.0,68.0,51.0,48.0,64.0,69.0,81
261,338,276,345,513,497,384,Hiszpania,K,55.0,35.0,57.0,39.0,74.0,46.0,45.0,47.0,56.0,83
262,282,320,315,423,369,516,Niemcy,K,65.0,43.0,67.0,48.0,56.0,52.0,51.0,61.0,77.0,76
263,280,274,340,533,456,402,Niemcy,K,56.0,44.0,56.0,47.0,60.0,56.0,54.0,63.0,78.0,76
264,306,332,320,545,456,517,Francja,K,51.0,27.0,59.0,50.0,58.0,59.0,63.0,74.0,83.0,72
265,250,314,345,470,485,496,Niemcy,K,73.0,58.0,77.0,44.0,66.0,44.0,54.0,76.0,86.0,78
266,300,269,324,386,487,512,Francja,K,56.0,43.0,61.0,61.0,71.0,68.0,57.0,63.0,66.0,70
267,287,300,374,474,482,451,Hiszpania,K,51.0,33.0,50.0,51.0,66.0,60.0,55.0,64.0,81.0,78
268,317,297,354,471,415,433,Francja,M,51.0,31.0,61.0,63.0,71.0,63.0,45.0,51.0,72.0,75
269,240,285,342,403,472,511,Francja,M,63.0,38.0,79.0,62.0,62.0,65.0,58.0,78.0,88.0,79
270,305,264,352,455,427,509,Hiszpania,M,50.0,36.0,56.0,44.0,59.0,50.0,58.0,65.0,62.0,83
271,274,302,349,428,508,634,Hiszpania,M,57.0,44.0,62.0,59.0,76.0,65.0,53.0,75.0,86.0,73
272,300,294,349,414,427,483,Francja,K,63.0,51.0,69.0,54.0,65.0,53.0,52.0,56.0,66.0,72
273,267,252,337,422,510,443,Hiszpania,K,48.0,25.0,51.0,68.0,66.0,70.0,55.0,62.0,80.0,83
274,307,367,364,403,440,423,Hiszpania,M,51.0,38.0,57.0,51.0,79.0,63.0,44.0,50.0,63.0,75
275,265,305,358,465,498,577,Francja,M,65.0,42.0,76.0,64.0,69.0,64.0,60.0,76.0,81.0,73
276,316,268,339,434,532,402,Hiszpania,K,49.0,33.0,58.0,52.0,72.0,56.0,64.0,73.0,82.0,81
277,268,274,351,556,542,527,Niemcy,K,63.0,38.0,69.0,52.0,68.0,60.0,67.0,73.0,69.0,78
278,289,277,331,477,429,556,Niemcy,M,60.0,41.0,62.0,58.0,67.0,60.0,57.0,78.0,92.0,76
279,300,306,337,373,430,454,Francja,M,63.0,41.0,73.0,44.0,73.0,54.0,45.0,59.0,69.0,77
280,232,318,367,403,600,468,Francja,K,62.0,40.0,71.0,51.0,72.0,71.0,65.0,73.0,76.0,75
281,273,337,332,468,431,475,Niemcy,K,64.0,46.0,79.0,67.0,67.0,60.0,56.0,72.0,76.0,82
282,221,268,324,383,441,559,Hiszpania,K,49.0,28.0,50.0,57.0,63.0,54.0,53.0,72.0,88.0,80
283,315,313,357,529,487,518,Francja,K,52.0,35.0,53.0,54.0,78.0,62.0,44.0,55.0,64.0,68
284,255,312,375,457,486,447,Niemcy,K,53.0,39.0,61.0,38.0,60.0,50.0,56.0,66.0,73.0,79
285,351,304,354,429,440,535,Hiszpania,M,52.0,35.0,63.0,52.0,63.0,60.0,67.0,75.0,79.0,71
286,294,269,324,396,426,456,Hiszpania,K,67.0,48.0,74.0,43.0,60.0,58.0,63.0,76.0,79.0,73
287,279,317,376,462,490,543,Hiszpania,M,36.0,21.0,45.0,64.0,68.0,62.0,54.0,68.0,79.0,79
288,273,260,329,411,507,411,Niemcy,K,48.0,24.0,53.0,51.0,63.0,62.0,47.0,64.0,78.0,79
289,252,309,376,472,377,494,Hiszpania,K,51.0,30.0,52.0,59.0,63.0,67.0,44.0,49.0,55.0,85
290,268,282,348,509,497,570,Francja,K,45.0,23.0,52.0,52.0,72.0,54.0,69.0,84.0,90.0,81
291,276,361,351,449,420,474,Francja,M,57.0,40.0,69.0,48.0,71.0,51.0,49.0,53.0,64.0,74
292,332,276,329,443,458,381,Niemcy,K,46.0,27.0,46.0,63.0,64.0,74.0,59.0,64.0,76.0,79
293,317,334,354,456,433,567,Niemcy,K,53.0,36.0,68.0,56.0,62.0,61.0,56.0,63.0,78.0,72
294,302,303,340,455,475,443,Hiszpania,M,48.0,28.0,52.0,53.0,75.0,64.0,58.0,67.0,70.0,89
295,292,283,343,397,570,520,Francja,K,63.0,42.0,71.0,53.0,73.0,58.0,46.0,50.0,58.0,77
296,297,290,340,443,453,522,Francja,M,49.0,30.0,59.0,55.0,65.0,69.0,57.0,70.0,82.0,74
297,315,297,342,466,432,608,Hiszpania,M,63.0,45.0,80.0,57.0,66.0,68.0,48.0,56.0,76.0,89
298,349,297,354,397,453,367,Hiszpania,K,50.0,38.0,62.0,58.0,70.0,60.0,58.0,73.0,86.0,82
299,311,359,330,579,417,516,Hiszpania,M,63.0,47.0,80.0,53.0,71.0,53.0,47.0,58.0,69.0,79
300,298,312,348,503,501,526,Niemcy,M,56.0,38.0,70.0,71.0,78.0,76.0,50.0,58.0,82.0,77
301,319,299,344,487,512,517,Francja,K,64.0,46.0,67.0,61.0,65.0,53.0,58.0,71.0,82.0,81
302,320,279,339,496,402,528,Niemcy,K,54.0,34.0,60.0,59.0,71.0,71.0,64.0,76.0,83.0,85
303,281,259,338,461,499,536,Hiszpania,M,53.0,34.0,57.0,60.0,64.0,65.0,62.0,69.0,82.0,83
304,307,321,322,509,364,534,Francja,K,49.0,30.0,61.0,52.0,63.0,51.0,49.0,55.0,73.0,73
305,305,319,346,347,418,471,Francja,K,52.0,30.0,56.0,41.0,60.0,46.0,48.0,62.0,73.0,74
306,285,320,346,454,512,625,Francja,K,57.0,38.0,65.0,59.0,63.0,64.0,61.0,73.0,83.0,72
307,298,301,338,494,427,468,Hiszpania,M,50.0,33.0,61.0,55.0,71.0,57.0,47.0,61.0,85.0,86
308,299,307,339,485,493,543,Hiszpania,M,60.0,42.0,58.0,59.0,60.0,58.0,73.0,84.0,88.0,72
309,243,264,334,531,402,470,Hiszpania,M,61.0,39.0,73.0,52.0,64.0,67.0,52.0,56.0,69.0,80
310,300,288,325,419,463,498,Niemcy,M,39.0,22.0,40.0,58.0,57.0,56.0,55.0,64.0,69.0,77
311,284,273,340,427,534,486,Francja,M,55.0,29.0,54.0,63.0,76.0,70.0,57.0,76.0,77.0,86
312,340,310,345,413,527,428,Francja,K,54.0,40.0,64.0,64.0,84.0,66.0,52.0,63.0,77.0,82
313,311,276,336,363,497,523,Francja,K,48.0,36.0,58.0,69.0,84.0,83.0,43.0,64.0,78.0,76
314,269,302,356,450,404,589,Hiszpania,M,71.0,44.0,81.0,60.0,73.0,68.0,51.0,53.0,60.0,74
315,341,301,321,440,476,541,Hiszpania,M,41.0,26.0,48.0,59.0,60.0,49.0,55.0,67.0,70.0,83
316,310,296,308,369,515,476,Niemcy,M,59.0,37.0,72.0,48.0,72.0,59.0,52.0,68.0,85.0,73
317,328,295,357,512,468,534,Francja,K,50.0,34.0,51.0,61.0,79.0,63.0,57.0,63.0,73.0,73
318,254,280,339,454,414,541,Hiszpania,K,53.0,27.0,62.0,50.0,68.0,59.0,55.0,58.0,66.0,81
319,283,326,346,434,482,427,Francja,K,38.0,19.0,52.0,56.0,74.0,51.0,61.0,68.0,89.0,83
320,323,318,340,408,460,460,Francja,M,49.0,33.0,55.0,60.0,75.0,62.0,48.0,61.0,65.0,73
321,291,273,327,357,447,519,Niemcy,K,51.0,32.0,58.0,70.0,79.0,71.0,59.0,75.0,84.0,83
322,273,314,319,379,386,493,Hiszpania,K,47.0,24.0,42.0,57.0,77.0,54.0,54.0,62.0,74.0,83
323,278,295,334,479,424,416,Francja,K,49.0,37.0,49.0,66.0,72.0,66.0,60.0,57.0,73.0,84
324,305,306,316,468,486,477,Hiszpania,K,56.0,38.0,66.0,64.0,71.0,65.0,61.0,64.0,82.0,80
325,315,315,340,489,397,432,Hiszpania,M,53.0,37.0,53.0,57.0,73.0,59.0,63.0,81.0,99.0,87
326,298,332,349,422,480,462,Hiszpania,M,61.0,44.0,68.0,55.0,71.0,69.0,50.0,61.0,65.0,76
327,274,285,346,601,467,480,Francja,K,66.0,53.0,77.0,55.0,61.0,65.0,63.0,67.0,71.0,75
328,305,338,334,478,490,438,Francja,M,53.0,29.0,57.0,56.0,77.0,54.0,37.0,55.0,76.0,77
329,249,316,361,496,521,557,Hiszpania,K,59.0,44.0,69.0,62.0,83.0,70.0,54.0,63.0,86.0,92
330,248,317,333,469,523,465,Niemcy,K,37.0,13.0,41.0,46.0,62.0,45.0,64.0,68.0,83.0,83
331,253,301,338,347,491,427,Francja,M,58.0,35.0,59.0,55.0,66.0,73.0,49.0,72.0,85.0,79
332,323,304,364,493,477,444,Francja,K,59.0,38.0,68.0,42.0,84.0,57.0,52.0,56.0,72.0,75
333,294,248,332,451,575,470,Francja,M,62.0,37.0,70.0,45.0,74.0,60.0,44.0,60.0,71.0,69
334,371,275,341,434,488,487,Niemcy,M,59.0,40.0,67.0,52.0,70.0,45.0,56.0,68.0,71.0,80
335,290,307,333,434,544,468,Niemcy,M,52.0,31.0,59.0,64.0,78.0,64.0,48.0,57.0,66.0,85
336,241,281,353,463,382,477,Niemcy,M,47.0,26.0,53.0,52.0,64.0,65.0,49.0,59.0,70.0,77
337,264,354,366,465,556,553,Francja,M,65.0,55.0,80.0,54.0,70.0,65.0,54.0,61.0,74.0,60
338,346,284,370,428,392,446,Hiszpania,M,65.0,39.0,80.0,47.0,80.0,54.0,46.0,50.0,68.0,80
339,350,269,299,495,443,324,Francja,M,36.0,12.0,40.0,53.0,79.0,69.0,54.0,67.0,74.0,78
340,304,364,325,387,484,479,Niemcy,K,48.0,24.0,49.0,59.0,66.0,56.0,53.0,67.0,92.0,73
341,304,264,360,445,425,522,Niemcy,K,52.0,29.0,50.0,66.0,76.0,67.0,63.0,67.0,79.0,70
342,259,288,346,400,460,576,Francja,M,46.0,33.0,57.0,50.0,67.0,54.0,56.0,65.0,73.0,76
343,334,287,329,497,372,520,Francja,M,54.0,36.0,59.0,56.0,72.0,55.0,65.0,76.0,75.0,70
344,289,273,333,436,394,576,Hiszpania,K,57.0,37.0,60.0,45.0,67.0,52.0,56.0,57.0,71.0,80
345,297,285,339,566,396,451,Niemcy,M,65.0,46.0,72.0,60.0,70.0,60.0,36.0,52.0,67.0,71
346,350,269,348,497,455,487,Francja,K,52.0,35.0,58.0,42.0,77.0,44.0,56.0,61.0,75.0,78
347,339,326,349,467,489,544,Niemcy,K,52.0,32.0,49.0,60.0,63.0,66.0,54.0,64.0,80.0,76
348,291,319,322,546,467,356,Hiszpania,K,56.0,34.0,60.0,51.0,77.0,62.0,43.0,50.0,55.0,84
349,296,333,344,415,422,549,Francja,M,54.0,41.0,60.0,70.0,78.0,76.0,60.0,66.0,81.0,70
350,265,328,343,569,426,380,Hiszpania,M,54.0,33.0,59.0,48.0,68.0,59.0,47.0,62.0,74.0,86
351,304,292,316,451,520,473,Niemcy,K,57.0,33.0,59.0,62.0,80.0,57.0,68.0,78.0,82.0,79
352,243,324,323,345,437,514,Hiszpania,K,56.0,39.0,55.0,58.0,74.0,55.0,57.0,79.0,90.0,81
353,306,325,328,434,524,522,Hiszpania,M,36.0,18.0,37.0,57.0,73.0,61.0,57.0,59.0,69.0,81
354,354,287,354,425,464,570,Francja,K,52.0,31.0,56.0,45.0,71.0,51.0,58.0,72.0,79.0,68
355,322,295,359,407,414,554,Niemcy,M,54.0,29.0,63.0,61.0,60.0,66.0,56.0,60.0,73.0,72
356,291,316,327,543,543,425,Francja,K,59.0,40.0,73.0,64.0,75.0,60.0,51.0,71.0,84.0,82
357,281,323,338,471,444,419,Francja,M,49.0,36.0,52.0,52.0,58.0,61.0,56.0,69.0,75.0,77
358,272,293,334,454,521,550,Francja,K,56.0,31.0,58.0,55.0,68.0,64.0,36.0,55.0,64.0,78
359,317,364,338,421,551,545,Francja,M,61.0,34.0,74.0,67.0,72.0,78.0,63.0,73.0,89.0,75
360,352,246,337,542,440,575,Hiszpania,K,57.0,32.0,66.0,60.0,72.0,64.0,45.0,48.0,74.0,79
361,274,281,339,439,403,601,Niemcy,K,57.0,35.0,58.0,63.0,63.0,64.0,62.0,66.0,70.0,70
362,312,305,332,504,387,420,Francja,K,70.0,52.0,76.0,72.0,72.0,68.0,60.0,65.0,70.0,70
363,280,330,348,545,481,389,Francja,K,51.0,32.0,51.0,49.0,66.0,54.0,39.0,48.0,72.0,78
364,330,333,347,571,482,480,Francja,K,49.0,26.0,60.0,50.0,67.0,60.0,46.0,50.0,68.0,77
365,288,273,371,335,402,479,Francja,M,68.0,48.0,71.0,57.0,81.0,69.0,61.0,70.0,80.0,70
366,280,316,356,452,419,511,Hiszpania,M,55.0,34.0,60.0,53.0,73.0,52.0,57.0,61.0,74.0,86
367,282,339,324,503,556,558,Hiszpania,K,54.0,32.0,58.0,50.0,65.0,51.0,71.0,66.0,82.0,74
368,287,349,312,523,496,489,Hiszpania,M,56.0,43.0,61.0,55.0,76.0,62.0,56.0,61.0,74.0,85
369,300,256,350,439,413,518,Francja,K,47.0,27.0,49.0,62.0,68.0,68.0,63.0,77.0,79.0,80
370,325,292,346,406,407,517,Niemcy,M,53.0,38.0,54.0,60.0,60.0,64.0,57.0,64.0,75.0,80
371,257,261,339,366,391,540,Niemcy,M,66.0,46.0,73.0,55.0,71.0,66.0,53.0,73.0,81.0,77
372,305,291,344,402,390,559,Francja,M,56.0,35.0,59.0,59.0,81.0,72.0,54.0,66.0,78.0,76
373,237,329,356,360,450,474,Hiszpania,K,47.0,36.0,55.0,59.0,67.0,56.0,56.0,70.0,78.0,72
374,284,256,328,413,432,503,Francja,M,55.0,44.0,59.0,49.0,75.0,63.0,56.0,74.0,87.0,82
375,264,273,341,432,430,479,Hiszpania,K,52.0,25.0,57.0,62.0,64.0,71.0,47.0,58.0,72.0,76
376,320,311,356,522,444,485,Francja,M,60.0,39.0,69.0,61.0,68.0,61.0,64.0,72.0,81.0,81
377,303,283,355,513,447,592,Hiszpania,M,65.0,42.0,75.0,64.0,64.0,66.0,50.0,55.0,62.0,75
378,311,254,341,420,412,471,Niemcy,M,39.0,26.0,43.0,48.0,72.0,55.0,58.0,63.0,88.0,76
379,257,256,348,469,448,580,Niemcy,M,68.0,44.0,72.0,67.0,87.0,86.0,47.0,63.0,72.0,72
380,249,297,335,460,488,518,Hiszpania,M,57.0,36.0,68.0,48.0,75.0,56.0,50.0,60.0,81.0,81
381,335,312,321,554,504,534,Hiszpania,M,66.0,47.0,68.0,63.0,73.0,61.0,48.0,57.0,65.0,83
382,278,310,353,480,416,450,Hiszpania,M,65.0,50.0,73.0,46.0,54.0,50.0,49.0,58.0,68.0,82
383,300,309,359,460,427,426,Francja,K,70.0,46.0,83.0,59.0,73.0,73.0,48.0,55.0,65.0,81
384,241,333,347,523,415,510,Hiszpania,M,66.0,52.0,72.0,61.0,65.0,67.0,52.0,50.0,75.0,74
385,274,306,356,424,524,534,Niemcy,M,53.0,38.0,53.0,60.0,72.0,63.0,53.0,58.0,76.0,76
386,291,289,328,417,417,345,Niemcy,M,64.0,42.0,69.0,54.0,70.0,64.0,44.0,58.0,77.0,78
387,312,347,336,536,489,569,Hiszpania,K,52.0,33.0,59.0,58.0,73.0,67.0,60.0,60.0,85.0,85
388,314,272,328,363,557,448,Niemcy,M,49.0,27.0,60.0,48.0,67.0,59.0,60.0,67.0,80.0,68
389,336,295,365,409,409,499,Niemcy,M,50.0,27.0,56.0,47.0,74.0,53.0,42.0,53.0,68.0,76
390,266,336,330,342,524,490,Hiszpania,M,45.0,25.0,45.0,60.0,70.0,60.0,49.0,65.0,73.0,82
391,295,288,327,475,479,529,Francja,M,38.0,22.0,45.0,50.0,74.0,56.0,45.0,59.0,73.0,74
392,304,329,347,431,484,428,Francja,K,60.0,41.0,72.0,59.0,72.0,65.0,61.0,67.0,75.0,78
393,309,285,360,309,519,559,Francja,K,55.0,39.0,59.0,52.0,75.0,60.0,59.0,71.0,75.0,79
394,334,307,350,365,451,447,Hiszpania,K,57.0,45.0,58.0,56.0,67.0,58.0,35.0,50.0,66.0,77
395,249,325,343,445,470,554,Francja,M,51.0,36.0,59.0,56.0,78.0,54.0,67.0,81.0,89.0,69
396,282,312,376,447,454,484,Francja,K,45.0,26.0,50.0,40.0,69.0,57.0,51.0,61.0,78.0,75
397,355,307,342,470,474,558,Hiszpania,M,64.0,36.0,70.0,51.0,68.0,46.0,57.0,70.0,80.0,72
398,298,284,351,410,283,465,Niemcy,K,52.0,38.0,57.0,52.0,70.0,52.0,55.0,66.0,76.0,77
399,291,270,343,399,460,522,Niemcy,K,46.0,31.0,53.0,53.0,63.0,61.0,69.0,78.0,85.0,81
400,309,240,349,573,446,464,Hiszpania,K,57.0,43.0,68.0,58.0,89.0,67.0,59.0,59.0,64.0,75
401,270,369,343,394,519,450,Niemcy,M,63.0,33.0,72.0,60.0,72.0,64.0,51.0,65.0,76.0,84
402,267,272,365,489,459,515,Francja,M,57.0,44.0,59.0,66.0,75.0,76.0,59.0,64.0,68.0,73
403,350,311,345,512,449,479,Niemcy,K,47.0,35.0,61.0,61.0,76.0,62.0,57.0,76.0,88.0,77
404,237,265,336,516,463,495,Hiszpania,M,54.0,32.0,64.0,57.0,67.0,53.0,62.0,72.0,86.0,83
405,343,298,324,563,367,541,Niemcy,M,47.0,27.0,58.0,55.0,70.0,68.0,49.0,63.0,69.0,81
406,320,268,305,532,487,521,Niemcy,M,54.0,35.0,61.0,54.0,60.0,66.0,50.0,53.0,60.0,79
407,308,352,327,348,445,565,Francja,M,46.0,28.0,47.0,55.0,71.0,57.0,50.0,56.0,66.0,76
408,271,314,326,356,425,559,Niemcy,M,67.0,46.0,75.0,59.0,62.0,62.0,49.0,53.0,73.0,69
409,328,335,324,477,444,545,Niemcy,M,52.0,33.0,60.0,57.0,69.0,69.0,67.0,81.0,80.0,77
410,318,323,321,464,415,512,Hiszpania,K,50.0,35.0,55.0,61.0,60.0,55.0,67.0,62.0,69.0,80
411,303,314,341,505,382,439,Hiszpania,M,50.0,33.0,54.0,58.0,65.0,64.0,68.0,62.0,70.0,88
412,287,336,342,499,588,543,Francja,K,47.0,30.0,54.0,61.0,70.0,67.0,62.0,69.0,81.0,73
413,250,279,347,485,557,531,Niemcy,M,49.0,30.0,54.0,50.0,77.0,59.0,51.0,61.0,66.0,77
414,315,319,329,308,531,546,Francja,K,57.0,44.0,55.0,53.0,62.0,58.0,50.0,66.0,69.0,83
415,292,345,365,427,544,538,Niemcy,M,44.0,24.0,51.0,50.0,67.0,62.0,63.0,74.0,77.0,83
416,330,356,309,406,406,323,Francja,K,62.0,42.0,71.0,60.0,65.0,61.0,43.0,53.0,64.0,82
417,327,293,354,486,434,446,Francja,K,66.0,49.0,67.0,58.0,70.0,60.0,59.0,70.0,76.0,83
418,285,328,351,489,501,465,Francja,M,47.0,26.0,52.0,52.0,74.0,58.0,52.0,59.0,71.0,75
419,286,317,382,476,481,394,Hiszpania,M,53.0,27.0,55.0,70.0,85.0,68.0,66.0,79.0,77.0,73
420,310,306,347,408,435,614,Niemcy,K,56.0,39.0,61.0,54.0,65.0,74.0,60.0,71.0,80.0,84
421,333,335,318,514,558,446,Niemcy,K,35.0,13.0,34.0,50.0,63.0,47.0,44.0,52.0,73.0,80
422,326,314,351,340,428,602,Niemcy,M,66.0,50.0,78.0,48.0,71.0,57.0,51.0,65.0,73.0,78
423,290,290,336,480,433,622,Hiszpania,M,42.0,18.0,48.0,48.0,61.0,46.0,52.0,61.0,76.0,81
424,362,286,349,478,418,522,Niemcy,M,62.0,45.0,74.0,52.0,71.0,51.0,53.0,67.0,84.0,77
425,287,272,347,414,460,451,Hiszpania,M,53.0,37.0,60.0,61.0,78.0,67.0,57.0,71.0,83.0,73
426,274,303,341,545,412,562,Francja,K,64.0,51.0,75.0,46.0,68.0,44.0,52.0,57.0,66.0,77
427,312,303,354,464,506,523,Niemcy,M,45.0,26.0,45.0,51.0,67.0,59.0,45.0,63.0,78.0,81
428,334,250,362,380,401,584,Hiszpania,K,56.0,33.0,62.0,50.0,61.0,58.0,64.0,71.0,85.0,83
429,276,311,355,576,493,514,Niemcy,K,58.0,41.0,62.0,58.0,81.0,56.0,44.0,53.0,70.0,78
430,304,289,352,460,458,506,Hiszpania,M,59.0,35.0,63.0,53.0,71.0,60.0,53.0,57.0,74.0,75
431,295,331,334,484,424,471,Hiszpania,M,56.0,35.0,69.0,65.0,70.0,65.0,63.0,66.0,71.0,79
432,318,357,331,525,448,622,Niemcy,K,62.0,44.0,77.0,48.0,72.0,54.0,48.0,54.0,75.0,84
433,291,270,322,455,524,509,Hiszpania,M,47.0,26.0,54.0,58.0,74.0,63.0,58.0,73.0,73.0,79
434,304,333,339,502,581,575,Hiszpania,M,55.0,37.0,60.0,49.0,59.0,57.0,55.0,65.0,75.0,82
435,289,289,341,435,406,498,Francja,K,47.0,30.0,54.0,64.0,73.0,66.0,53.0,70.0,74.0,77
436,272,290,343,383,479,486,Francja,K,64.0,52.0,74.0,52.0,69.0,62.0,56.0,62.0,55.0,75
437,339,306,358,477,461,498,Hiszpania,K,61.0,45.0,68.0,43.0,72.0,63.0,57.0,76.0,83.0,79
438,271,315,337,467,425,448,Niemcy,M,55.0,38.0,61.0,67.0,76.0,70.0,60.0,69.0,76.0,71
439,334,308,336,557,561,493,Niemcy,K,51.0,40.0,55.0,54.0,69.0,68.0,50.0,63.0,85.0,79
440,296,329,333,411,439,504,Niemcy,K,42.0,29.0,49.0,54.0,61.0,56.0,54.0,66.0,73.0,68
441,257,274,338,437,473,484,Hiszpania,M,44.0,26.0,47.0,60.0,67.0,55.0,42.0,53.0,66.0,92
442,287,298,339,430,440,511,Francja,M,50.0,42.0,53.0,58.0,69.0,61.0,58.0,69.0,81.0,76
443,231,303,335,493,416,417,Francja,M,54.0,39.0,64.0,57.0,69.0,61.0,59.0,70.0,78.0,71
444,296,266,371,440,419,476,Hiszpania,K,44.0,29.0,52.0,59.0,67.0,65.0,59.0,58.0,75.0,87
445,247,281,354,451,422,494,Niemcy,K,47.0,18.0,53.0,62.0,69.0,62.0,61.0,63.0,62.0,80
446,268,301,311,374,467,543,Niemcy,K,53.0,32.0,56.0,55.0,60.0,61.0,43.0,58.0,78.0,79
447,315,305,347,437,460,487,Niemcy,M,57.0,36.0,65.0,57.0,70.0,57.0,50.0,67.0,74.0,82
448,294,271,328,323,489,531,Niemcy,M,46.0,27.0,57.0,63.0,76.0,64.0,56.0,66.0,78.0,77
449,299,286,337,494,442,482,Hiszpania,K,41.0,17.0,49.0,64.0,78.0,64.0,53.0,64.0,75.0,86
450,315,320,326,524,351,500,Hiszpania,K,66.0,48.0,72.0,57.0,57.0,62.0,50.0,62.0,66.0,87
451,327,311,318,439,454,469,Francja,K,52.0,31.0,59.0,55.0,64.0,54.0,59.0,63.0,71.0,81
452,252,286,347,440,469,543,Hiszpania,K,53.0,35.0,58.0,57.0,71.0,70.0,41.0,54.0,67.0,81
453,266,319,326,447,487,528,Niemcy,K,53.0,39.0,51.0,50.0,68.0,61.0,73.0,93.0,74.0,78
454,263,299,329,511,546,582,Hiszpania,M,57.0,35.0,60.0,55.0,77.0,69.0,54.0,58.0,68.0,77
455,291,297,320,380,467,520,Niemcy,M,55.0,43.0,63.0,59.0,79.0,67.0,42.0,52.0,60.0,81
456,269,321,368,441,358,534,Hiszpania,K,47.0,32.0,49.0,61.0,73.0,75.0,51.0,51.0,63.0,87
457,310,309,319,405,458,489,Niemcy,M,57.0,38.0,56.0,45.0,74.0,55.0,68.0,80.0,85.0,78
458,302,318,361,408,446,478,Niemcy,M,46.0,33.0,44.0,61.0,77.0,61.0,51.0,53.0,63.0,77
459,242,279,327,417,384,361,Niemcy,M,52.0,28.0,67.0,52.0,69.0,60.0,40.0,47.0,62.0,85
460,340,286,346,530,385,588,Niemcy,K,49.0,34.0,47.0,74.0,57.0,60.0,49.0,62.0,72.0,79
461,330,341,312,503,475,462,Niemcy,K,50.0,28.0,55.0,55.0,68.0,57.0,53.0,62.0,76.0,72
462,309,304,345,442,471,585,Hiszpania,M,38.0,18.0,42.0,43.0,58.0,48.0,44.0,61.0,76.0,74
463,345,322,356,431,417,491,Francja,M,62.0,47.0,71.0,64.0,77.0,73.0,45.0,61.0,74.0,74
464,318,317,351,487,363,464,Niemcy,K,59.0,40.0,70.0,58.0,71.0,59.0,45.0,56.0,77.0,75
465,295,297,361,425,614,512,Niemcy,K,58.0,39.0,66.0,58.0,67.0,65.0,57.0,76.0,87.0,67
466,293,308,348,533,546,473,Francja,M,44.0,26.0,49.0,49.0,69.0,54.0,60.0,68.0,76.0,63
467,287,250,320,582,459,511,Hiszpania,M,60.0,39.0,72.0,69.0,68.0,67.0,54.0,73.0,92.0,77
468,334,280,342,481,461,573,Francja,M,61.0,36.0,58.0,61.0,79.0,67.0,46.0,48.0,68.0,73
469,321,313,347,464,479,536,Francja,K,48.0,28.0,47.0,53.0,45.0,55.0,45.0,49.0,54.0,79
470,320,313,358,461,496,384,Niemcy,K,36.0,18.0,40.0,47.0,64.0,43.0,46.0,51.0,53.0,66
471,267,310,324,472,653,557,Francja,M,54.0,28.0,66.0,50.0,67.0,60.0,61.0,78.0,80.0,65
472,287,271,348,419,421,456,Niemcy,M,53.0,30.0,56.0,76.0,66.0,66.0,50.0,63.0,75.0,84
473,339,296,344,434,508,495,Francja,K,48.0,36.0,54.0,55.0,75.0,65.0,62.0,60.0,69.0,71
474,278,280,344,519,374,531,Francja,M,62.0,38.0,67.0,45.0,63.0,60.0,59.0,74.0,77.0,66
475,301,290,333,468,418,506,Niemcy,M,52.0,34.0,58.0,48.0,75.0,55.0,60.0,69.0,78.0,78
476,329,295,329,439,471,471,Niemcy,K,57.0,44.0,65.0,57.0,74.0,66.0,53.0,62.0,73.0,78
477,312,276,338,428,431,444,Niemcy,K,48.0,29.0,51.0,58.0,75.0,74.0,63.0,67.0,77.0,72
478,331,292,335,501,378,452,Hiszpania,K,60.0,43.0,66.0,60.0,73.0,57.0,33.0,43.0,65.0,83
479,295,269,352,408,406,487,Niemcy,M,44.0,25.0,56.0,61.0,65.0,68.0,41.0,54.0,76.0,74
480,298,323,350,475,502,505,Niemcy,K,54.0,28.0,54.0,53.0,70.0,57.0,66.0,83.0,91.0,85
481,267,280,362,425,516,570,Francja,M,52.0,36.0,55.0,72.0,73.0,63.0,58.0,75.0,81.0,74
482,315,337,364,581,494,447,Francja,M,60.0,46.0,65.0,46.0,66.0,52.0,54.0,71.0,81.0,77
483,290,303,368,581,447,490,Hiszpania,K,66.0,44.0,74.0,56.0,65.0,65.0,65.0,75.0,84.0,82
484,261,328,327,438,480,488,Francja,K,53.0,37.0,56.0,49.0,65.0,51.0,54.0,58.0,71.0,83
485,277,293,346,406,470,452,Francja,K,57.0,32.0,65.0,58.0,62.0,53.0,53.0,67.0,72.0,72
486,305,246,319,400,392,467,Hiszpania,K,57.0,42.0,69.0,59.0,67.0,60.0,43.0,52.0,67.0,84
487,291,314,327,404,459,533,Hiszpania,M,53.0,31.0,58.0,58.0,68.0,53.0,52.0,68.0,78.0,84
488,284,277,334,516,473,472,Niemcy,M,52.0,34.0,57.0,73.0,81.0,72.0,57.0,72.0,74.0,83
489,235,270,352,446,391,617,Francja,K,47.0,25.0,52.0,63.0,70.0,64.0,52.0,61.0,72.0,73
490,334,317,344,523,381,499,Hiszpania,K,51.0,35.0,63.0,51.0,65.0,51.0,52.0,60.0,74.0,72
491,311,293,347,511,417,485,Niemcy,M,64.0,44.0,76.0,50.0,58.0,60.0,49.0,63.0,64.0,68
492,295,319,345,512,473,357,Niemcy,M,56.0,41.0,69.0,42.0,68.0,54.0,66.0,73.0,80.0,75
493,267,300,371,471,424,440,Niemcy,M,51.0,35.0,59.0,54.0,58.0,49.0,45.0,53.0,64.0,82
494,301,324,338,492,431,537,Hiszpania,M,52.0,40.0,57.0,48.0,76.0,56.0,55.0,58.0,76.0,85
495,258,306,314,416,381,462,Niemcy,M,51.0,33.0,54.0,61.0,71.0,63.0,68.0,77.0,76.0,68
496,367,316,341,465,414,402,Francja,M,44.0,20.0,57.0,58.0,68.0,61.0,50.0,56.0,70.0,68
497,268,300,361,463,473,569,Niemcy,M,54.0,32.0,59.0,50.0,67.0,56.0,50.0,53.0,62.0,80
498,291,276,354,380,456,445,Francja,M,37.0,16.0,45.0,53.0,79.0,63.0,51.0,60.0,79.0,72
499,319,299,358,413,409,538,Hiszpania,K,61.0,42.0,70.0,51.0,73.0,48.0,49.0,61.0,68.0,82
500,228,290,381,392,524,503,Francja,K,72.0,52.0,80.0,49.0,65.0,60.0,50.0,56.0,74.0,80
501,309,331,364,440,529,454,Niemcy,K,65.0,56.0,74.0,60.0,75.0,67.0,53.0,71.0,76.0,79
502,294,314,352,486,488,494,Francja,K,56.0,41.0,63.0,54.0,76.0,56.0,51.0,65.0,83.0,67
503,292,285,357,363,464,439,Niemcy,K,53.0,42.0,57.0,53.0,78.0,58.0,53.0,62.0,85.0,76
504,262,319,320,497,512,460,Hiszpania,M,57.0,39.0,66.0,55.0,73.0,59.0,61.0,69.0,78.0,80
505,266,264,350,573,536,574,Niemcy,M,53.0,39.0,66.0,52.0,66.0,65.0,59.0,71.0,81.0,66
506,314,304,347,471,450,468,Francja,M,43.0,26.0,50.0,62.0,65.0,67.0,55.0,54.0,70.0,81
507,320,314,364,432,448,544,Niemcy,K,61.0,41.0,63.0,52.0,69.0,61.0,45.0,56.0,61.0,82
508,274,299,351,458,502,493,Hiszpania,M,53.0,33.0,57.0,39.0,64.0,52.0,65.0,88.0,88.0,88
509,294,254,325,495,421,543,Hiszpania,M,60.0,45.0,61.0,57.0,62.0,56.0,70.0,74.0,77.0,67
510,250,273,351,391,449,533,Francja,M,45.0,26.0,53.0,40.0,63.0,47.0,52.0,66.0,72.0,78
511,290,256,351,489,451,575,Francja,M,48.0,28.0,53.0,57.0,71.0,68.0,42.0,63.0,75.0,76
512,280,311,326,396,540,485,Hiszpania,M,55.0,31.0,67.0,64.0,75.0,66.0,56.0,69.0,84.0,76
513,292,277,335,361,477,535,Hiszpania,K,54.0,46.0,61.0,62.0,71.0,59.0,56.0,57.0,78.0,75
514,289,300,359,525,412,537,Francja,M,64.0,42.0,69.0,44.0,67.0,61.0,60.0,68.0,75.0,84
515,279,299,341,387,490,450,Francja,K,48.0,30.0,54.0,42.0,54.0,54.0,47.0,45.0,64.0,75
516,325,342,326,531,435,653,Francja,M,45.0,22.0,45.0,54.0,78.0,63.0,42.0,56.0,68.0,76
517,293,359,349,368,549,472,Niemcy,K,55.0,37.0,60.0,52.0,68.0,59.0,43.0,52.0,63.0,83
518,289,272,372,397,307,524,Francja,M,55.0,39.0,54.0,57.0,63.0,64.0,62.0,72.0,82.0,79
519,273,255,310,446,519,495,Francja,M,64.0,41.0,69.0,51.0,70.0,59.0,48.0,56.0,70.0,73
520,326,318,333,380,488,396,Niemcy,K,74.0,58.0,83.0,62.0,67.0,61.0,56.0,64.0,75.0,74
521,317,292,344,446,365,504,Hiszpania,K,51.0,30.0,59.0,48.0,70.0,56.0,46.0,65.0,77.0,82
522,239,292,359,430,393,573,Francja,K,54.0,33.0,55.0,63.0,69.0,64.0,57.0,68.0,78.0,70
523,278,258,327,532,513,526,Francja,K,50.0,27.0,62.0,52.0,69.0,52.0,56.0,68.0,83.0,73
524,292,298,349,367,490,518,Francja,K,66.0,42.0,70.0,64.0,71.0,65.0,50.0,60.0,70.0,69
525,248,260,348,450,473,508,Niemcy,M,36.0,15.0,39.0,50.0,72.0,55.0,52.0,72.0,90.0,75
526,278,288,341,394,518,564,Hiszpania,K,48.0,33.0,51.0,59.0,73.0,64.0,50.0,61.0,70.0,81
527,277,291,374,539,455,532,Francja,M,33.0,18.0,43.0,58.0,74.0,74.0,54.0,66.0,74.0,76
528,278,279,345,492,474,577,Niemcy,K,64.0,42.0,64.0,53.0,75.0,68.0,57.0,75.0,83.0,73
529,254,351,343,452,525,558,Hiszpania,M,62.0,34.0,60.0,62.0,79.0,58.0,51.0,54.0,62.0,82
530,286,275,349,540,627,597,Hiszpania,K,60.0,41.0,63.0,48.0,78.0,58.0,55.0,70.0,84.0,80
531,335,360,332,421,436,474,Niemcy,K,54.0,30.0,62.0,55.0,62.0,59.0,51.0,58.0,76.0,74
532,250,319,336,474,367,460,Hiszpania,K,53.0,30.0,59.0,54.0,84.0,62.0,53.0,70.0,80.0,84
533,302,268,336,428,501,527,Hiszpania,M,47.0,22.0,52.0,50.0,63.0,49.0,51.0,54.0,66.0,84
534,262,297,329,427,424,357,Niemcy,M,48.0,38.0,57.0,51.0,63.0,60.0,60.0,69.0,74.0,76
535,291,317,378,432,402,445,Francja,M,51.0,29.0,61.0,48.0,68.0,56.0,54.0,72.0,77.0,82
536,295,290,350,516,452,492,Hiszpania,M,45.0,25.0,50.0,65.0,70.0,70.0,53.0,67.0,77.0,85
537,320,293,365,494,444,518,Francja,K,64.0,51.0,67.0,63.0,82.0,71.0,59.0,69.0,82.0,78
538,351,260,368,414,445,518,Francja,K,46.0,33.0,53.0,53.0,71.0,61.0,52.0,63.0,70.0,79
539,277,333,324,403,514,517,Francja,K,51.0,30.0,55.0,55.0,80.0,64.0,61.0,75.0,97.0,67
540,286,282,319,478,466,512,Hiszpania,K,51.0,35.0,54.0,47.0,72.0,51.0,62.0,82.0,85.0,86
541,285,295,302,438,552,532,Niemcy,K,62.0,43.0,56.0,51.0,77.0,62.0,63.0,79.0,89.0,81
542,264,270,354,427,459,532,Hiszpania,M,47.0,21.0,53.0,57.0,71.0,59.0,62.0,66.0,69.0,76
543,284,316,334,581,441,546,Niemcy,K,47.0,20.0,48.0,67.0,86.0,72.0,60.0,70.0,77.0,74
544,282,260,337,418,490,457,Hiszpania,K,61.0,39.0,72.0,61.0,69.0,54.0,39.0,47.0,78.0,84
545,288,297,340,506,581,408,Francja,K,49.0,32.0,56.0,53.0,81.0,69.0,53.0,62.0,92.0,70
546,283,316,358,406,557,543,Francja,K,57.0,40.0,64.0,59.0,75.0,66.0,63.0,64.0,77.0,72
547,312,341,330,430,480,470,Hiszpania,M,54.0,41.0,59.0,61.0,61.0,62.0,41.0,56.0,59.0,83
548,316,315,342,380,442,571,Hiszpania,M,49.0,31.0,59.0,51.0,69.0,67.0,47.0,66.0,74.0,85
549,267,314,357,512,398,462,Francja,K,62.0,36.0,71.0,58.0,64.0,63.0,63.0,73.0,81.0,69
550,304,296,344,454,490,437,Hiszpania,M,41.0,27.0,46.0,44.0,71.0,57.0,44.0,54.0,64.0,75
551,264,314,321,590,491,443,Hiszpania,M,48.0,26.0,59.0,60.0,74.0,65.0,60.0,70.0,77.0,74
552,266,342,364,367,526,540,Hiszpania,K,52.0,31.0,56.0,64.0,64.0,59.0,50.0,64.0,73.0,73
553,274,336,342,471,432,445,Hiszpania,K,56.0,28.0,73.0,46.0,76.0,56.0,62.0,76.0,81.0,81
554,295,286,361,469,512,461,Hiszpania,K,57.0,30.0,54.0,51.0,78.0,61.0,55.0,62.0,65.0,74
555,305,280,334,433,479,513,Francja,M,41.0,26.0,48.0,58.0,76.0,64.0,58.0,66.0,70.0,72
556,339,298,339,465,470,465,Niemcy,M,45.0,28.0,41.0,51.0,80.0,64.0,39.0,47.0,75.0,72
557,290,280,304,450,434,506,Francja,K,49.0,31.0,61.0,51.0,57.0,54.0,59.0,70.0,89.0,74
558,288,277,333,492,374,470,Hiszpania,K,46.0,23.0,50.0,47.0,65.0,53.0,43.0,66.0,72.0,87
559,294,312,364,516,385,483,Francja,K,55.0,30.0,62.0,51.0,79.0,60.0,65.0,81.0,90.0,78
560,246,287,340,485,542,550,Niemcy,M,58.0,40.0,61.0,52.0,59.0,54.0,61.0,62.0,67.0,79
561,307,286,355,497,405,555,Niemcy,K,59.0,39.0,68.0,66.0,57.0,58.0,64.0,84.0,89.0,71
562,298,299,363,429,505,580,Niemcy,K,56.0,37.0,63.0,49.0,63.0,59.0,47.0,56.0,74.0,77
563,261,307,337,443,508,497,Hiszpania,K,39.0,18.0,50.0,51.0,67.0,52.0,59.0,64.0,76.0,79
564,310,291,333,377,569,430,Niemcy,M,61.0,42.0,71.0,43.0,62.0,46.0,48.0,53.0,62.0,75
565,328,320,348,448,535,468,Hiszpania,M,61.0,36.0,73.0,60.0,69.0,65.0,59.0,68.0,75.0,82
566,324,293,348,524,411,550,Niemcy,M,59.0,40.0,67.0,55.0,66.0,64.0,55.0,69.0,85.0,74
567,313,317,327,470,375,609,Francja,K,49.0,38.0,56.0,58.0,60.0,60.0,51.0,57.0,72.0,81
568,290,299,325,483,370,435,Hiszpania,M,46.0,26.0,45.0,54.0,53.0,55.0,64.0,74.0,78.0,77
569,301,277,356,581,456,509,Niemcy,K,54.0,34.0,65.0,56.0,70.0,66.0,50.0,54.0,72.0,75
570,290,313,332,422,392,437,Niemcy,M,43.0,25.0,51.0,62.0,53.0,60.0,60.0,67.0,80.0,83
571,307,282,332,447,501,427,Niemcy,M,45.0,26.0,54.0,73.0,81.0,64.0,44.0,56.0,75.0,76
572,305,350,336,485,474,573,Hiszpania,K,57.0,36.0,62.0,56.0,68.0,67.0,47.0,59.0,77.0,76
573,293,299,359,456,398,409,Francja,M,49.0,34.0,58.0,63.0,75.0,68.0,55.0,71.0,89.0,78
574,284,278,333,571,392,523,Francja,M,52.0,39.0,55.0,53.0,68.0,61.0,56.0,61.0,79.0,71
575,317,308,336,439,459,523,Hiszpania,M,70.0,49.0,79.0,63.0,73.0,70.0,51.0,51.0,63.0,90
576,316,298,345,561,426,454,Hiszpania,M,53.0,30.0,59.0,42.0,67.0,60.0,54.0,70.0,76.0,79
577,312,335,340,432,496,503,Francja,K,60.0,39.0,67.0,57.0,69.0,52.0,58.0,72.0,77.0,81
578,295,277,326,447,496,511,Hiszpania,M,48.0,22.0,53.0,50.0,74.0,60.0,58.0,64.0,68.0,75
579,310,285,343,391,458,525,Francja,M,44.0,26.0,41.0,66.0,80.0,67.0,57.0,70.0,83.0,85
580,299,364,346,616,440,511,Francja,K,63.0,42.0,66.0,64.0,63.0,66.0,47.0,54.0,66.0,77
581,304,306,377,499,410,483,Niemcy,K,55.0,35.0,63.0,68.0,70.0,63.0,59.0,71.0,73.0,75
582,317,311,336,511,455,546,Hiszpania,M,40.0,19.0,47.0,40.0,76.0,57.0,55.0,60.0,65.0,81
583,266,297,350,432,519,455,Niemcy,K,48.0,32.0,50.0,54.0,74.0,50.0,57.0,65.0,74.0,72
584,316,281,327,455,432,542,Niemcy,K,66.0,52.0,76.0,57.0,65.0,56.0,51.0,54.0,59.0,77
585,305,317,320,517,462,427,Francja,K,53.0,38.0,63.0,55.0,81.0,65.0,56.0,67.0,69.0,79
586,261,227,321,403,405,573,Niemcy,M,53.0,35.0,55.0,63.0,73.0,56.0,53.0,55.0,69.0,74
587,268,284,356,461,472,477,Francja,M,43.0,31.0,41.0,59.0,68.0,58.0,48.0,55.0,75.0,79
588,252,308,334,413,477,460,Francja,M,49.0,28.0,50.0,56.0,78.0,68.0,43.0,65.0,85.0,80
589,306,346,329,455,461,475,Hiszpania,M,53.0,34.0,67.0,48.0,68.0,57.0,60.0,70.0,84.0,66
590,305,305,342,487,525,505,Niemcy,K,43.0,30.0,51.0,60.0,83.0,76.0,57.0,58.0,73.0,74
591,300,287,354,500,424,412,Hiszpania,K,58.0,32.0,63.0,52.0,73.0,67.0,57.0,71.0,78.0,80
592,249,302,349,458,409,470,Niemcy,M,48.0,28.0,54.0,59.0,59.0,70.0,52.0,65.0,78.0,75
593,284,342,362,457,413,478,Francja,M,54.0,33.0,55.0,54.0,68.0,56.0,60.0,66.0,75.0,74
594,320,299,338,389,409,418,Francja,K,47.0,35.0,52.0,40.0,60.0,52.0,61.0,78.0,79.0,74
595,338,307,329,451,478,519,Hiszpania,K,68.0,46.0,66.0,55.0,77.0,59.0,48.0,62.0,78.0,75
596,308,306,312,405,503,588,Francja,K,55.0,35.0,61.0,63.0,79.0,68.0,48.0,62.0,72.0,82
597,270,340,348,463,334,524,Niemcy,M,45.0,25.0,44.0,53.0,57.0,47.0,61.0,71.0,73.0,76
598,337,293,338,476,409,500,Hiszpania,K,62.0,42.0,75.0,54.0,58.0,59.0,66.0,68.0,73.0,81
599,335,305,362,416,513,517,Niemcy,K,56.0,35.0,61.0,56.0,70.0,63.0,49.0,61.0,86.0,79
600,298,271,334,380,566,388,Niemcy,M,48.0,31.0,53.0,56.0,73.0,67.0,63.0,75.0,86.0,81
601,278,233,347,487,414,410,Hiszpania,K,53.0,40.0,58.0,66.0,71.0,63.0,70.0,74.0,72.0,72
602,273,317,354,542,497,561,Hiszpania,K,53.0,30.0,52.0,48.0,66.0,63.0,55.0,57.0,54.0,84
603,332,282,346,446,527,461,Niemcy,K,46.0,30.0,50.0,59.0,83.0,66.0,53.0,53.0,61.0,89
604,301,305,351,451,391,527,Francja,M,48.0,22.0,60.0,52.0,75.0,65.0,48.0,57.0,73.0,77
605,321,307,370,505,457,507,Niemcy,M,60.0,38.0,58.0,47.0,68.0,49.0,65.0,83.0,86.0,66
606,250,252,321,523,435,491,Hiszpania,K,57.0,39.0,64.0,59.0,69.0,75.0,58.0,71.0,80.0,82
607,300,265,338,484,492,577,Niemcy,K,45.0,29.0,53.0,54.0,58.0,51.0,52.0,61.0,86.0,76
608,354,293,361,457,533,555,Hiszpania,M,49.0,28.0,51.0,42.0,58.0,44.0,66.0,76.0,86.0,69
609,239,281,325,458,393,543,Niemcy,M,59.0,42.0,60.0,50.0,61.0,56.0,44.0,46.0,68.0,73
610,348,299,368,438,393,546,Hiszpania,M,45.0,23.0,57.0,52.0,74.0,60.0,52.0,59.0,76.0,84
611,343,269,372,399,464,538,Francja,M,59.0,36.0,66.0,44.0,49.0,44.0,45.0,56.0,68.0,70
612,311,303,322,502,469,380,Niemcy,M,57.0,32.0,62.0,55.0,84.0,67.0,56.0,70.0,79.0,83
613,238,294,330,359,455,542,Hiszpania,K,48.0,27.0,51.0,64.0,68.0,65.0,57.0,68.0,80.0,90
614,313,292,345,463,439,455,Hiszpania,K,57.0,33.0,66.0,63.0,77.0,57.0,55.0,67.0,77.0,71
615,270,302,344,465,425,406,Francja,M,44.0,26.0,56.0,52.0,71.0,71.0,56.0,61.0,83.0,71
616,303,297,341,396,499,468,Francja,M,48.0,27.0,62.0,58.0,77.0,66.0,75.0,94.0,86.0,81
617,299,291,357,431,478,541,Niemcy,K,43.0,32.0,46.0,64.0,63.0,63.0,53.0,65.0,79.0,75
618,335,333,338,375,418,463,Hiszpania,M,55.0,36.0,60.0,66.0,89.0,57.0,62.0,63.0,67.0,75
619,267,275,357,519,484,432,Francja,M,62.0,38.0,67.0,51.0,64.0,55.0,61.0,68.0,100.0,71
620,288,329,339,436,333,509,Hiszpania,M,54.0,31.0,61.0,49.0,65.0,51.0,55.0,67.0,77.0,75
621,299,339,355,270,513,418,Hiszpania,K,56.0,36.0,58.0,53.0,53.0,60.0,51.0,73.0,84.0,81
622,264,275,328,437,419,485,Niemcy,K,49.0,28.0,44.0,48.0,63.0,54.0,63.0,74.0,90.0,75
623,285,286,349,485,427,482,Francja,M,58.0,38.0,64.0,53.0,60.0,51.0,52.0,55.0,65.0,68
624,329,264,342,600,379,522,Niemcy,M,54.0,35.0,67.0,53.0,77.0,66.0,57.0,72.0,72.0,84
625,368,294,335,430,439,561,Niemcy,M,61.0,38.0,66.0,62.0,72.0,72.0,58.0,76.0,76.0,79
626,296,262,321,435,421,562,Hiszpania,M,54.0,34.0,62.0,54.0,65.0,61.0,52.0,58.0,72.0,94
627,277,286,334,470,470,498,Niemcy,M,36.0,15.0,31.0,52.0,56.0,58.0,49.0,59.0,65.0,84
628,323,274,327,464,396,413,Hiszpania,K,60.0,35.0,75.0,42.0,57.0,51.0,63.0,69.0,80.0,84
629,305,304,351,503,502,515,Niemcy,K,58.0,42.0,62.0,50.0,67.0,56.0,48.0,71.0,76.0,84
630,276,350,344,487,437,572,Francja,K,56.0,42.0,62.0,45.0,65.0,56.0,51.0,61.0,75.0,73
631,345,362,314,518,434,521,Hiszpania,M,59.0,35.0,63.0,56.0,71.0,54.0,45.0,64.0,71.0,84
632,321,303,332,553,581,604,Francja,K,38.0,21.0,36.0,52.0,76.0,67.0,67.0,78.0,81.0,83
633,240,321,355,469,421,509,Niemcy,K,57.0,40.0,63.0,52.0,63.0,47.0,37.0,59.0,73.0,79
634,304,267,340,492,368,447,Niemcy,M,53.0,30.0,58.0,45.0,74.0,56.0,56.0,66.0,71.0,78
635,290,324,357,528,431,484,Francja,M,59.0,32.0,66.0,61.0,59.0,58.0,57.0,63.0,78.0,77
636,319,302,345,407,486,393,Francja,K,52.0,33.0,63.0,58.0,70.0,63.0,50.0,63.0,74.0,78
637,285,328,354,423,522,488,Francja,M,59.0,42.0,68.0,60.0,69.0,62.0,46.0,56.0,74.0,84
638,262,285,343,472,609,464,Niemcy,K,77.0,52.0,81.0,62.0,75.0,72.0,56.0,61.0,72.0,73
639,273,306,318,449,451,427,Hiszpania,M,76.0,62.0,84.0,61.0,79.0,54.0,44.0,59.0,75.0,84
640,292,299,331,414,470,436,Hiszpania,K,41.0,17.0,51.0,55.0,71.0,53.0,55.0,68.0,86.0,87
641,270,302,362,450,468,506,Hiszpania,K,50.0,32.0,47.0,43.0,62.0,53.0,49.0,51.0,58.0,79
642,286,305,331,437,578,544,Niemcy,K,58.0,37.0,61.0,67.0,83.0,78.0,50.0,62.0,70.0,82
643,255,316,362,524,535,471,Francja,M,58.0,40.0,68.0,73.0,73.0,62.0,50.0,67.0,76.0,67
644,270,303,324,389,547,514,Niemcy,M,55.0,35.0,56.0,58.0,66.0,56.0,60.0,65.0,80.0,76
645,317,263,351,492,507,554,Francja,K,56.0,42.0,64.0,59.0,71.0,65.0,57.0,67.0,77.0,77
646,273,280,328,405,435,554,Hiszpania,M,52.0,39.0,62.0,55.0,66.0,60.0,56.0,64.0,74.0,78
647,349,303,354,474,438,565,Francja,M,43.0,28.0,57.0,53.0,78.0,56.0,50.0,56.0,71.0,72
648,339,321,337,588,415,596,Francja,K,43.0,25.0,48.0,42.0,64.0,46.0,56.0,77.0,80.0,73
649,356,311,320,356,503,569,Hiszpania,M,48.0,27.0,47.0,44.0,64.0,54.0,59.0,61.0,69.0,75
650,327,333,314,374,499,476,Francja,K,49.0,34.0,51.0,51.0,69.0,64.0,54.0,71.0,75.0,70
651,337,320,369,388,401,441,Hiszpania,K,62.0,40.0,69.0,63.0,69.0,61.0,45.0,56.0,60.0,86
652,301,289,348,479,474,498,Francja,M,67.0,42.0,77.0,60.0,59.0,65.0,55.0,69.0,88.0,79
653,240,293,353,372,551,483,Hiszpania,M,47.0,36.0,51.0,51.0,60.0,53.0,67.0,83.0,78.0,91
654,224,331,327,521,443,493,Hiszpania,M,59.0,35.0,61.0,58.0,74.0,63.0,44.0,57.0,65.0,80
655,330,284,345,553,429,489,Francja,M,63.0,50.0,73.0,56.0,71.0,63.0,64.0,77.0,79.0,76
656,305,335,324,443,498,454,Hiszpania,M,62.0,42.0,67.0,62.0,72.0,72.0,51.0,64.0,67.0,74
657,290,343,308,466,470,437,Niemcy,K,57.0,33.0,66.0,47.0,70.0,54.0,60.0,74.0,82.0,76
658,263,308,339,417,468,464,Francja,K,66.0,49.0,76.0,57.0,73.0,70.0,48.0,68.0,73.0,70
659,268,277,371,488,483,403,Hiszpania,K,44.0,22.0,50.0,63.0,80.0,66.0,49.0,57.0,67.0,83
660,292,303,359,389,514,582,Francja,K,70.0,44.0,77.0,62.0,74.0,60.0,51.0,71.0,74.0,77
661,294,333,353,494,489,590,Hiszpania,M,50.0,34.0,58.0,62.0,59.0,62.0,49.0,52.0,58.0,85
662,324,294,317,532,467,529,Niemcy,M,68.0,52.0,69.0,58.0,76.0,66.0,47.0,63.0,69.0,75
663,278,311,305,431,404,455,Francja,M,55.0,35.0,62.0,60.0,79.0,71.0,59.0,73.0,78.0,69
664,289,290,328,439,495,441,Francja,K,48.0,29.0,48.0,45.0,75.0,58.0,47.0,66.0,80.0,78
665,284,296,320,504,511,556,Francja,K,48.0,29.0,53.0,52.0,63.0,56.0,46.0,54.0,69.0,70
666,255,310,335,453,486,518,Hiszpania,K,46.0,27.0,59.0,54.0,67.0,62.0,45.0,72.0,79.0,85
667,294,309,354,403,446,479,Hiszpania,M,54.0,29.0,47.0,59.0,55.0,65.0,51.0,54.0,75.0,83
668,310,288,357,483,491,427,Hiszpania,M,58.0,39.0,64.0,62.0,68.0,62.0,50.0,56.0,73.0,79
669,299,306,332,529,422,435,Niemcy,K,50.0,31.0,56.0,62.0,63.0,65.0,39.0,53.0,74.0,70
670,278,282,353,511,593,514,Francja,M,56.0,35.0,66.0,65.0,66.0,63.0,58.0,63.0,70.0,74
671,339,342,311,394,407,479,Niemcy,M,49.0,36.0,48.0,52.0,80.0,64.0,42.0,41.0,64.0,69
672,244,299,348,409,507,431,Niemcy,K,61.0,42.0,74.0,53.0,72.0,60.0,53.0,53.0,75.0,80
673,308,287,332,447,491,442,Hiszpania,M,44.0,22.0,51.0,55.0,67.0,57.0,56.0,71.0,73.0,82
674,323,347,355,414,504,432,Niemcy,K,46.0,29.0,49.0,50.0,66.0,55.0,54.0,59.0,64.0,78
675,303,345,311,425,463,396,Hiszpania,M,56.0,30.0,60.0,51.0,72.0,54.0,54.0,72.0,69.0,78
676,309,288,359,418,395,534,Francja,M,53.0,30.0,58.0,50.0,63.0,51.0,62.0,70.0,78.0,73
677,272,342,333,481,476,533,Francja,K,61.0,46.0,66.0,48.0,71.0,56.0,52.0,59.0,75.0,75
678,261,298,341,418,478,544,Niemcy,M,45.0,29.0,53.0,48.0,78.0,61.0,43.0,52.0,64.0,70
679,234,316,344,433,546,575,Hiszpania,K,56.0,39.0,60.0,49.0,74.0,60.0,51.0,55.0,71.0,83
680,345,264,336,462,380,573,Francja,M,57.0,40.0,69.0,52.0,67.0,59.0,50.0,66.0,67.0,74
681,291,302,357,420,399,439,Francja,K,43.0,32.0,49.0,57.0,57.0,60.0,53.0,50.0,68.0,80
682,275,339,336,397,457,518,Hiszpania,K,51.0,34.0,56.0,49.0,65.0,56.0,56.0,69.0,83.0,78
683,326,290,367,464,474,639,Niemcy,K,51.0,32.0,60.0,60.0,69.0,66.0,56.0,70.0,76.0,73
684,226,316,354,407,464,526,Hiszpania,K,50.0,32.0,57.0,59.0,77.0,67.0,59.0,80.0,91.0,81
685,293,335,332,490,442,457,Francja,K,53.0,41.0,60.0,54.0,72.0,57.0,59.0,67.0,76.0,73
686,278,266,377,456,465,424,Hiszpania,M,56.0,37.0,62.0,58.0,63.0,48.0,52.0,72.0,75.0,86
687,272,311,354,486,487,458,Niemcy,K,64.0,44.0,64.0,54.0,61.0,58.0,55.0,57.0,70.0,78
688,307,309,344,393,476,563,Niemcy,M,51.0,29.0,60.0,63.0,83.0,63.0,59.0,67.0,77.0,71
689,301,289,342,411,408,507,Niemcy,M,71.0,53.0,81.0,57.0,66.0,66.0,47.0,56.0,71.0,64
690,282,251,325,417,477,472,Hiszpania,K,51.0,33.0,54.0,50.0,59.0,42.0,38.0,50.0,69.0,81
691,244,263,341,430,486,469,Hiszpania,K,55.0,33.0,65.0,51.0,81.0,63.0,55.0,73.0,78.0,82
692,291,291,372,439,535,564,Niemcy,K,44.0,32.0,52.0,59.0,66.0,72.0,50.0,65.0,65.0,79
693,296,278,335,432,559,495,Niemcy,K,61.0,41.0,69.0,57.0,67.0,63.0,48.0,59.0,73.0,75
694,258,275,327,464,530,585,Hiszpania,K,53.0,39.0,64.0,59.0,71.0,63.0,54.0,66.0,84.0,77
695,302,285,344,450,447,438,Hiszpania,K,49.0,25.0,57.0,51.0,67.0,58.0,49.0,58.0,70.0,71
696,274,306,343,492,429,496,Francja,K,55.0,35.0,60.0,56.0,65.0,61.0,43.0,58.0,79.0,79
697,294,284,333,401,472,480,Niemcy,M,61.0,39.0,66.0,58.0,75.0,57.0,42.0,57.0,70.0,83
698,257,308,336,417,516,470,Hiszpania,K,53.0,32.0,57.0,53.0,69.0,59.0,61.0,69.0,79.0,79
699,295,285,359,527,522,535,Hiszpania,M,62.0,44.0,66.0,53.0,58.0,54.0,61.0,61.0,72.0,83
700,279,304,349,509,580,510,Francja,K,59.0,42.0,63.0,47.0,59.0,54.0,48.0,55.0,78.0,70
701,311,283,309,499,499,581,Niemcy,M,49.0,23.0,48.0,46.0,64.0,55.0,37.0,48.0,62.0,76
702,324,311,367,475,363,568,Niemcy,K,59.0,39.0,74.0,36.0,65.0,43.0,47.0,55.0,71.0,77
703,321,324,337,536,481,408,Hiszpania,M,46.0,34.0,56.0,63.0,64.0,64.0,57.0,61.0,72.0,81
704,258,297,357,520,452,592,Hiszpania,K,51.0,36.0,58.0,44.0,71.0,60.0,55.0,65.0,73.0,80
705,308,282,357,376,473,495,Francja,K,61.0,41.0,76.0,57.0,65.0,51.0,58.0,71.0,75.0,80
706,291,345,335,498,388,474,Francja,K,51.0,34.0,58.0,52.0,65.0,59.0,52.0,64.0,78.0,78
707,302,261,307,463,482,459,Francja,M,48.0,26.0,60.0,47.0,62.0,48.0,61.0,71.0,78.0,77
708,309,338,306,457,470,595,Hiszpania,K,54.0,33.0,58.0,47.0,72.0,62.0,56.0,69.0,75.0,79
709,272,318,357,429,575,445,Hiszpania,K,58.0,38.0,71.0,51.0,59.0,68.0,50.0,63.0,73.0,93
710,293,319,343,481,356,472,Hiszpania,M,53.0,39.0,62.0,38.0,60.0,47.0,55.0,58.0,70.0,79
711,337,345,331,478,446,518,Francja,K,43.0,27.0,49.0,54.0,71.0,58.0,55.0,72.0,78.0,69
712,315,311,339,408,414,375,Francja,M,46.0,29.0,57.0,51.0,64.0,60.0,48.0,55.0,76.0,72
713,331,301,327,479,447,567,Niemcy,K,57.0,36.0,60.0,43.0,64.0,53.0,47.0,51.0,75.0,77
714,346,299,330,383,553,487,Francja,K,51.0,39.0,59.0,43.0,65.0,48.0,48.0,63.0,82.0,76
715,238,303,341,433,476,493,Niemcy,K,50.0,30.0,60.0,53.0,68.0,58.0,72.0,62.0,73.0,81
716,302,299,319,421,406,517,Francja,K,57.0,41.0,70.0,48.0,84.0,61.0,46.0,60.0,83.0,75
717,288,289,343,459,453,522,Francja,K,60.0,35.0,68.0,64.0,63.0,63.0,40.0,53.0,72.0,87
718,348,305,358,398,477,553,Francja,M,57.0,41.0,58.0,60.0,69.0,68.0,64.0,76.0,89.0,86
719,357,302,327,493,415,569,Francja,K,54.0,36.0,64.0,48.0,63.0,47.0,55.0,62.0,75.0,79
720,312,289,345,412,338,399,Hiszpania,K,50.0,34.0,57.0,51.0,77.0,63.0,52.0,65.0,75.0,76
721,281,275,325,444,519,441,Hiszpania,M,49.0,26.0,54.0,63.0,73.0,70.0,59.0,65.0,72.0,76
722,240,280,369,450,412,479,Hiszpania,M,55.0,34.0,69.0,57.0,68.0,59.0,46.0,58.0,67.0,89
723,311,313,347,478,388,430,Hiszpania,K,58.0,45.0,70.0,52.0,72.0,49.0,60.0,79.0,89.0,78
724,259,333,347,469,364,516,Hiszpania,M,69.0,48.0,78.0,63.0,64.0,59.0,51.0,54.0,64.0,82
725,243,278,353,520,320,450,Hiszpania,K,58.0,43.0,61.0,77.0,63.0,71.0,60.0,75.0,72.0,86
726,305,325,351,407,528,433,Hiszpania,M,54.0,38.0,56.0,57.0,77.0,68.0,64.0,70.0,75.0,75
727,291,292,383,412,536,548,Niemcy,M,50.0,35.0,55.0,50.0,79.0,57.0,66.0,72.0,77.0,77
728,311,286,325,385,479,436,Francja,K,66.0,48.0,67.0,59.0,73.0,63.0,46.0,60.0,75.0,80
729,290,297,357,547,493,431,Francja,K,53.0,35.0,54.0,50.0,65.0,59.0,60.0,70.0,75.0,81
730,325,271,353,352,481,579,Hiszpania,K,49.0,22.0,49.0,46.0,70.0,54.0,46.0,68.0,88.0,75
731,306,264,341,461,549,418,Niemcy,K,58.0,46.0,69.0,54.0,82.0,67.0,66.0,70.0,76.0,81
732,265,267,342,428,543,590,Hiszpania,K,48.0,29.0,51.0,64.0,79.0,65.0,50.0,59.0,70.0,76
733,338,303,328,441,472,456,Francja,M,53.0,36.0,55.0,57.0,67.0,69.0,46.0,59.0,63.0,73
734,284,268,317,477,424,543,Niemcy,M,55.0,35.0,54.0,54.0,66.0,54.0,63.0,73.0,85.0,80
735,289,267,330,361,521,509,Hiszpania,K,45.0,30.0,50.0,57.0,71.0,70.0,37.0,46.0,70.0,84
736,342,279,337,452,548,557,Francja,M,56.0,34.0,67.0,51.0,63.0,53.0,61.0,66.0,78.0,81
737,271,252,345,426,437,527,Niemcy,M,46.0,32.0,44.0,55.0,61.0,56.0,55.0,74.0,79.0,79
738,332,310,312,455,411,577,Hiszpania,K,47.0,25.0,54.0,62.0,69.0,60.0,57.0,73.0,81.0,77
739,287,310,342,459,434,524,Francja,M,66.0,47.0,67.0,56.0,79.0,68.0,47.0,69.0,89.0,81
740,324,305,358,530,446,576,Niemcy,K,58.0,45.0,68.0,52.0,64.0,52.0,54.0,66.0,77.0,81
741,308,315,353,442,498,472,Hiszpania,K,55.0,36.0,61.0,64.0,78.0,73.0,53.0,57.0,63.0,82
742,266,297,345,380,436,450,Hiszpania,K,52.0,30.0,63.0,54.0,55.0,57.0,58.0,75.0,82.0,80
743,274,310,336,527,427,471,Niemcy,M,49.0,31.0,64.0,50.0,76.0,60.0,47.0,53.0,62.0,82
744,264,236,353,462,464,437,Hiszpania,M,47.0,28.0,48.0,59.0,81.0,52.0,57.0,71.0,89.0,93
745,304,303,374,439,505,464,Francja,M,60.0,44.0,68.0,56.0,79.0,74.0,44.0,59.0,76.0,76
746,293,284,347,417,439,504,Francja,M,52.0,24.0,58.0,58.0,80.0,67.0,53.0,62.0,84.0,79
747,305,305,340,423,392,443,Francja,M,65.0,45.0,69.0,57.0,63.0,54.0,53.0,62.0,65.0,67
748,284,286,345,413,433,418,Francja,M,42.0,23.0,50.0,67.0,71.0,64.0,49.0,52.0,66.0,80
749,304,293,333,494,360,497,Niemcy,M,58.0,37.0,61.0,56.0,90.0,70.0,55.0,75.0,74.0,77
750,333,318,330,418,521,466,Francja,M,57.0,39.0,65.0,65.0,72.0,60.0,52.0,58.0,78.0,76
751,309,312,312,471,387,478,Niemcy,M,73.0,52.0,75.0,57.0,70.0,55.0,58.0,73.0,94.0,71
752,286,284,348,444,465,505,Hiszpania,K,48.0,26.0,57.0,52.0,60.0,54.0,47.0,51.0,74.0,85
753,337,320,358,589,388,504,Hiszpania,M,59.0,44.0,65.0,59.0,66.0,65.0,54.0,77.0,88.0,76
754,334,293,328,415,455,511,Hiszpania,K,56.0,40.0,56.0,48.0,73.0,57.0,43.0,58.0,71.0,83
755,259,318,342,446,484,476,Niemcy,M,57.0,32.0,70.0,57.0,69.0,68.0,45.0,68.0,71.0,75
756,275,304,336,457,470,517,Francja,M,61.0,40.0,69.0,59.0,76.0,70.0,47.0,64.0,67.0,83
757,318,289,322,540,330,540,Francja,M,55.0,47.0,69.0,47.0,59.0,59.0,53.0,68.0,67.0,75
758,278,253,351,491,529,535,Niemcy,M,55.0,39.0,67.0,54.0,73.0,63.0,63.0,60.0,68.0,83
759,256,251,343,411,447,549,Hiszpania,M,52.0,38.0,60.0,44.0,58.0,47.0,55.0,60.0,63.0,79
760,248,305,331,408,512,555,Hiszpania,M,52.0,35.0,60.0,55.0,71.0,64.0,57.0,68.0,62.0,83
761,373,347,340,472,376,514,Niemcy,M,59.0,44.0,64.0,40.0,53.0,50.0,45.0,53.0,69.0,78
762,351,320,331,498,425,476,Francja,K,52.0,28.0,54.0,63.0,79.0,67.0,51.0,56.0,72.0,67
763,291,284,331,485,564,425,Niemcy,K,54.0,33.0,53.0,48.0,74.0,55.0,50.0,52.0,60.0,65
764,297,338,340,481,527,457,Niemcy,M,51.0,23.0,58.0,54.0,69.0,63.0,47.0,54.0,70.0,61
765,295,278,333,381,459,443,Francja,K,60.0,40.0,63.0,40.0,64.0,50.0,56.0,69.0,68.0,76
766,234,282,346,509,449,527,Niemcy,M,60.0,39.0,63.0,40.0,66.0,57.0,56.0,74.0,73.0,70
767,358,276,309,440,454,443,Francja,M,54.0,34.0,59.0,42.0,67.0,50.0,57.0,59.0,77.0,80
768,279,259,361,421,444,490,Francja,M,58.0,42.0,71.0,58.0,72.0,59.0,50.0,58.0,61.0,82
769,285,301,368,447,421,553,Niemcy,K,47.0,30.0,58.0,58.0,76.0,72.0,49.0,71.0,83.0,80
770,333,296,349,409,550,411,Francja,K,43.0,28.0,54.0,49.0,68.0,58.0,59.0,64.0,72.0,76
771,338,300,332,449,566,495,Niemcy,K,57.0,33.0,56.0,61.0,71.0,71.0,50.0,62.0,67.0,80
772,271,277,343,417,361,550,Niemcy,M,66.0,41.0,71.0,60.0,75.0,63.0,46.0,63.0,80.0,72
773,300,277,349,502,441,499,Niemcy,K,55.0,35.0,55.0,60.0,67.0,65.0,41.0,47.0,69.0,76
774,246,342,352,489,532,618,Francja,K,44.0,29.0,52.0,47.0,60.0,47.0,56.0,65.0,71.0,75
775,349,264,370,450,420,498,Francja,M,54.0,39.0,57.0,54.0,64.0,62.0,57.0,72.0,66.0,81
776,340,303,360,511,481,535,Francja,K,52.0,33.0,60.0,60.0,76.0,64.0,54.0,62.0,79.0,77
777,282,282,338,554,382,511,Niemcy,K,40.0,17.0,45.0,62.0,78.0,68.0,56.0,64.0,81.0,71
778,335,349,336,377,516,431,Niemcy,M,56.0,39.0,62.0,58.0,82.0,67.0,47.0,53.0,76.0,82
779,225,318,340,423,508,540,Hiszpania,K,52.0,31.0,60.0,48.0,74.0,58.0,63.0,68.0,84.0,78
780,305,254,335,417,501,544,Niemcy,M,52.0,38.0,64.0,57.0,62.0,58.0,42.0,52.0,68.0,78
781,313,304,341,480,545,531,Hiszpania,M,58.0,37.0,69.0,58.0,76.0,62.0,51.0,69.0,86.0,79
782,340,318,356,505,534,497,Francja,K,51.0,25.0,58.0,49.0,72.0,49.0,50.0,55.0,71.0,69
783,303,282,319,463,407,538,Niemcy,K,60.0,40.0,65.0,56.0,70.0,63.0,56.0,68.0,71.0,78
784,289,327,309,567,475,560,Niemcy,M,46.0,30.0,54.0,49.0,62.0,45.0,46.0,53.0,59.0,80
785,278,300,323,515,495,539,Francja,M,50.0,35.0,61.0,51.0,76.0,65.0,31.0,39.0,61.0,78
786,247,262,351,475,485,549,Niemcy,K,50.0,36.0,53.0,53.0,72.0,61.0,49.0,57.0,65.0,82
787,318,327,374,362,444,580,Francja,K,53.0,33.0,63.0,47.0,57.0,54.0,51.0,62.0,71.0,68
788,287,324,354,486,472,614,Francja,K,60.0,46.0,63.0,59.0,66.0,51.0,64.0,71.0,86.0,76
789,373,314,320,549,419,455,Francja,M,49.0,32.0,59.0,50.0,71.0,58.0,55.0,64.0,80.0,70
790,295,296,359,461,431,524,Francja,K,70.0,66.0,81.0,60.0,69.0,75.0,58.0,75.0,77.0,81
791,337,257,339,510,387,484,Hiszpania,K,55.0,31.0,64.0,43.0,52.0,50.0,54.0,65.0,71.0,86
792,267,326,358,426,441,571,Niemcy,M,58.0,33.0,73.0,58.0,77.0,60.0,61.0,71.0,75.0,74
793,322,305,358,486,378,539,Niemcy,M,55.0,35.0,62.0,50.0,80.0,61.0,54.0,54.0,66.0,75
794,258,287,355,552,449,484,Francja,M,40.0,24.0,53.0,56.0,75.0,60.0,60.0,68.0,81.0,79
795,318,267,356,417,511,518,Francja,K,49.0,27.0,46.0,62.0,63.0,65.0,45.0,53.0,67.0,71
796,282,304,314,392,533,541,Hiszpania,K,42.0,25.0,47.0,60.0,72.0,60.0,54.0,70.0,82.0,81
797,260,285,342,578,337,523,Niemcy,K,56.0,40.0,59.0,47.0,67.0,57.0,59.0,68.0,73.0,80
798,301,316,342,534,381,552,Niemcy,K,55.0,42.0,67.0,46.0,60.0,56.0,43.0,52.0,66.0,76
799,287,276,321,551,460,432,Niemcy,K,56.0,33.0,61.0,62.0,67.0,58.0,64.0,73.0,87.0,72
800,352,322,351,464,403,472,Hiszpania,K,51.0,28.0,58.0,53.0,60.0,60.0,48.0,65.0,78.0,79
801,295,307,354,416,428,527,Francja,K,56.0,30.0,64.0,58.0,54.0,60.0,58.0,64.0,75.0,76
802,264,324,352,428,463,457,Hiszpania,M,43.0,30.0,51.0,54.0,77.0,66.0,63.0,72.0,75.0,87
803,304,282,358,421,372,507,Niemcy,M,60.0,39.0,67.0,58.0,64.0,52.0,60.0,60.0,67.0,74
804,264,266,322,533,502,546,Hiszpania,K,48.0,30.0,58.0,63.0,69.0,59.0,51.0,57.0,61.0,82
805,206,323,349,324,499,395,Hiszpania,M,62.0,42.0,70.0,49.0,84.0,64.0,50.0,50.0,68.0,75
806,249,316,344,515,410,477,Hiszpania,K,62.0,36.0,57.0,63.0,77.0,68.0,44.0,51.0,76.0,81
807,223,262,354,443,410,396,Niemcy,M,53.0,33.0,62.0,60.0,66.0,63.0,56.0,64.0,71.0,85
808,314,332,318,406,528,540,Niemcy,M,57.0,39.0,61.0,65.0,74.0,65.0,40.0,55.0,76.0,75
809,298,294,353,446,437,537,Hiszpania,K,67.0,40.0,73.0,49.0,76.0,67.0,39.0,54.0,78.0,84
810,255,314,300,510,420,564,Niemcy,K,56.0,40.0,56.0,42.0,65.0,49.0,52.0,64.0,78.0,76
811,295,321,343,462,391,569,Hiszpania,M,50.0,18.0,63.0,54.0,79.0,69.0,63.0,81.0,83.0,86
812,277,242,342,452,518,566,Hiszpania,M,53.0,32.0,62.0,41.0,65.0,54.0,60.0,69.0,79.0,84
813,288,314,303,518,495,573,Hiszpania,M,58.0,41.0,58.0,56.0,70.0,62.0,48.0,58.0,76.0,90
814,237,333,365,575,519,480,Niemcy,K,41.0,24.0,42.0,52.0,63.0,54.0,51.0,63.0,79.0,74
815,242,246,322,501,449,457,Niemcy,M,55.0,28.0,60.0,50.0,72.0,52.0,55.0,68.0,74.0,74
816,250,307,368,481,482,456,Niemcy,K,47.0,27.0,56.0,52.0,77.0,69.0,63.0,68.0,79.0,72
817,297,308,364,541,469,542,Hiszpania,M,62.0,37.0,65.0,47.0,60.0,53.0,61.0,69.0,82.0,74
818,296,263,343,444,451,503,Francja,M,38.0,18.0,39.0,66.0,72.0,73.0,55.0,57.0,74.0,68
819,287,301,352,461,419,515,Hiszpania,M,61.0,48.0,71.0,53.0,64.0,59.0,62.0,71.0,78.0,88
820,282,319,331,475,530,355,Niemcy,K,61.0,36.0,66.0,58.0,73.0,63.0,69.0,82.0,91.0,77
821,274,303,334,501,518,540,Francja,M,54.0,34.0,55.0,45.0,67.0,51.0,63.0,93.0,87.0,84
822,334,300,355,448,487,413,Hiszpania,M,68.0,49.0,79.0,66.0,71.0,63.0,42.0,45.0,65.0,80
823,307,288,354,500,497,521,Niemcy,K,58.0,45.0,71.0,63.0,79.0,65.0,61.0,67.0,70.0,87
824,279,324,339,542,404,499,Francja,M,56.0,39.0,74.0,49.0,69.0,45.0,52.0,51.0,73.0,72
825,333,267,327,401,509,530,Francja,M,64.0,43.0,70.0,67.0,66.0,66.0,45.0,51.0,74.0,74
826,309,301,338,307,375,684,Francja,M,49.0,32.0,54.0,48.0,66.0,53.0,40.0,58.0,66.0,72
827,305,335,337,506,545,524,Francja,K,61.0,44.0,70.0,59.0,70.0,67.0,53.0,54.0,72.0,67
828,273,292,352,406,541,503,Hiszpania,K,51.0,29.0,65.0,51.0,69.0,61.0,59.0,72.0,72.0,88
829,296,314,367,535,433,497,Niemcy,K,49.0,34.0,59.0,63.0,65.0,64.0,59.0,66.0,74.0,78
830,303,327,366,407,401,468,Francja,K,62.0,48.0,81.0,58.0,85.0,63.0,44.0,53.0,68.0,73
831,290,299,355,370,491,445,Francja,K,48.0,25.0,50.0,74.0,81.0,75.0,57.0,61.0,72.0,80
832,261,307,342,465,515,498,Niemcy,K,51.0,30.0,60.0,53.0,58.0,56.0,64.0,78.0,88.0,73
833,279,265,335,433,394,512,Niemcy,M,51.0,30.0,50.0,60.0,75.0,55.0,51.0,71.0,83.0,75
834,284,304,321,482,514,450,Hiszpania,M,56.0,32.0,57.0,48.0,67.0,51.0,50.0,67.0,73.0,82
835,248,272,349,388,520,486,Hiszpania,K,42.0,19.0,43.0,49.0,64.0,61.0,33.0,39.0,51.0,81
836,286,268,335,472,454,447,Hiszpania,M,43.0,20.0,43.0,53.0,73.0,65.0,54.0,67.0,93.0,74
837,271,332,370,470,437,388,Francja,M,49.0,32.0,60.0,52.0,65.0,55.0,54.0,69.0,84.0,76
838,309,303,364,473,467,536,Niemcy,M,54.0,28.0,53.0,63.0,80.0,68.0,59.0,62.0,78.0,69
839,271,292,329,430,543,434,Niemcy,K,38.0,19.0,43.0,50.0,72.0,58.0,58.0,64.0,67.0,68
840,344,307,336,383,351,474,Hiszpania,K,51.0,32.0,58.0,53.0,65.0,56.0,42.0,50.0,67.0,75
841,290,282,355,454,423,575,Niemcy,K,60.0,41.0,74.0,52.0,62.0,54.0,55.0,65.0,77.0,78
842,289,254,335,540,383,496,Niemcy,M,54.0,30.0,64.0,57.0,77.0,69.0,57.0,64.0,74.0,69
843,296,280,351,515,414,495,Francja,M,57.0,35.0,66.0,58.0,60.0,62.0,45.0,54.0,74.0,77
844,346,255,354,466,395,586,Hiszpania,M,51.0,28.0,58.0,53.0,67.0,55.0,51.0,54.0,76.0,91
845,316,292,359,452,513,496,Niemcy,K,49.0,22.0,53.0,48.0,74.0,60.0,50.0,67.0,79.0,76
846,269,318,335,461,474,467,Niemcy,K,52.0,33.0,57.0,55.0,72.0,65.0,52.0,66.0,77.0,77
847,303,325,320,452,521,512,Francja,K,49.0,28.0,53.0,45.0,61.0,47.0,63.0,71.0,73.0,73
848,301,303,328,473,570,549,Hiszpania,M,54.0,47.0,61.0,59.0,73.0,55.0,62.0,67.0,76.0,82
849,287,291,330,505,551,490,Hiszpania,K,61.0,41.0,62.0,54.0,70.0,60.0,56.0,68.0,85.0,89
850,324,275,387,469,555,460,Niemcy,K,60.0,35.0,74.0,55.0,79.0,58.0,55.0,66.0,69.0,76
851,278,287,321,375,553,440,Niemcy,M,42.0,22.0,52.0,47.0,80.0,57.0,54.0,52.0,60.0,76
852,281,278,332,374,406,536,Francja,K,69.0,50.0,83.0,50.0,64.0,54.0,52.0,76.0,88.0,78
853,290,296,353,493,554,480,Francja,K,36.0,24.0,35.0,59.0,71.0,68.0,59.0,69.0,87.0,77
854,305,314,329,491,464,547,Francja,K,58.0,40.0,64.0,56.0,70.0,63.0,71.0,75.0,80.0,76
855,351,299,342,394,376,473,Francja,M,60.0,37.0,68.0,52.0,61.0,54.0,63.0,70.0,83.0,79
856,342,280,359,486,585,511,Francja,K,47.0,28.0,57.0,68.0,72.0,77.0,54.0,70.0,83.0,73
857,310,285,326,432,541,404,Francja,K,36.0,24.0,37.0,62.0,75.0,60.0,47.0,64.0,76.0,76
858,288,317,340,484,456,476,Niemcy,K,49.0,30.0,58.0,65.0,68.0,63.0,67.0,73.0,64.0,73
859,323,295,337,424,458,530,Niemcy,M,43.0,25.0,52.0,50.0,65.0,55.0,57.0,62.0,75.0,76
860,355,280,310,502,519,574,Hiszpania,M,60.0,34.0,58.0,56.0,73.0,65.0,46.0,55.0,64.0,76
861,240,301,335,485,505,486,Hiszpania,K,64.0,44.0,73.0,64.0,65.0,60.0,56.0,73.0,87.0,78
862,321,275,339,391,436,440,Francja,M,57.0,42.0,57.0,52.0,72.0,54.0,54.0,70.0,84.0,75
863,297,296,346,378,382,472,Francja,K,60.0,24.0,60.0,53.0,66.0,57.0,68.0,77.0,76.0,70
864,302,300,360,458,553,426,Niemcy,K,46.0,29.0,51.0,64.0,66.0,59.0,33.0,37.0,56.0,72
865,256,286,368,473,494,388,Niemcy,M,43.0,27.0,50.0,66.0,90.0,72.0,64.0,70.0,79.0,80
866,286,285,325,499,473,557,Francja,M,64.0,46.0,71.0,47.0,69.0,57.0,55.0,66.0,74.0,76
867,325,372,328,427,500,454,Niemcy,M,49.0,28.0,61.0,39.0,79.0,52.0,37.0,47.0,65.0,72
868,263,287,356,349,395,597,Niemcy,M,60.0,35.0,61.0,63.0,71.0,65.0,64.0,77.0,80.0,79
869,300,291,346,399,512,549,Francja,M,63.0,44.0,67.0,70.0,69.0,74.0,71.0,80.0,74.0,69
870,271,309,343,454,380,509,Hiszpania,K,36.0,20.0,41.0,61.0,59.0,52.0,52.0,57.0,74.0,85
871,267,307,356,484,423,506,Francja,K,50.0,25.0,52.0,64.0,63.0,64.0,56.0,59.0,74.0,78
872,317,279,367,326,430,509,Hiszpania,M,60.0,41.0,71.0,58.0,75.0,63.0,44.0,50.0,60.0,80
873,255,326,349,453,509,466,Hiszpania,K,71.0,55.0,84.0,68.0,65.0,60.0,60.0,66.0,80.0,84
874,278,312,327,452,531,499,Niemcy,K,55.0,36.0,70.0,45.0,82.0,54.0,38.0,58.0,71.0,66
875,307,330,358,530,440,568,Niemcy,K,58.0,42.0,60.0,53.0,61.0,58.0,48.0,61.0,72.0,78
876,310,295,324,501,498,527,Francja,M,53.0,38.0,68.0,39.0,53.0,45.0,51.0,58.0,62.0,81
877,347,278,363,412,426,530,Niemcy,K,59.0,44.0,71.0,49.0,68.0,59.0,60.0,75.0,86.0,75
878,289,283,371,320,440,509,Francja,M,52.0,34.0,53.0,54.0,69.0,60.0,42.0,57.0,69.0,78
879,272,319,340,525,461,640,Francja,M,65.0,52.0,67.0,48.0,63.0,54.0,61.0,60.0,79.0,72
880,310,287,347,398,462,541,Niemcy,M,43.0,16.0,45.0,55.0,57.0,57.0,64.0,74.0,88.0,75
881,361,313,349,410,394,446,Francja,M,42.0,17.0,45.0,67.0,81.0,73.0,60.0,66.0,72.0,81
882,346,279,349,412,404,564,Niemcy,M,56.0,45.0,65.0,57.0,70.0,59.0,36.0,51.0,63.0,80
883,338,244,329,453,414,442,Francja,M,47.0,28.0,50.0,63.0,75.0,62.0,57.0,55.0,66.0,86
884,307,320,311,381,412,469,Niemcy,M,50.0,28.0,51.0,60.0,84.0,70.0,47.0,50.0,61.0,79
885,329,310,332,432,361,425,Francja,M,50.0,31.0,58.0,46.0,69.0,51.0,50.0,67.0,76.0,70
886,295,283,322,489,529,523,Niemcy,K,56.0,38.0,65.0,60.0,83.0,66.0,43.0,57.0,80.0,75
887,281,280,357,490,454,572,Francja,M,49.0,31.0,64.0,54.0,70.0,60.0,46.0,52.0,66.0,81
888,290,273,365,460,375,439,Hiszpania,M,45.0,27.0,44.0,62.0,74.0,66.0,69.0,78.0,87.0,86
889,312,279,333,436,428,518,Niemcy,M,52.0,40.0,66.0,59.0,74.0,69.0,45.0,46.0,66.0,77
890,286,264,364,450,477,594,Hiszpania,K,64.0,47.0,72.0,55.0,82.0,64.0,74.0,86.0,84.0,80
891,274,318,325,468,512,523,Francja,M,57.0,30.0,68.0,54.0,76.0,67.0,49.0,57.0,66.0,74
892,279,301,308,500,421,422,Francja,M,48.0,28.0,60.0,47.0,68.0,54.0,52.0,66.0,67.0,69
893,311,293,333,482,523,429,Hiszpania,M,50.0,39.0,50.0,55.0,66.0,58.0,54.0,62.0,71.0,71
894,339,307,333,511,502,495,Hiszpania,K,60.0,43.0,71.0,57.0,69.0,58.0,57.0,68.0,74.0,80
895,259,332,314,459,472,481,Niemcy,K,72.0,52.0,80.0,54.0,65.0,63.0,50.0,67.0,73.0,74
896,267,358,350,487,388,567,Francja,M,42.0,21.0,41.0,60.0,66.0,65.0,48.0,61.0,80.0,75
897,263,311,358,450,547,540,Niemcy,M,52.0,21.0,52.0,70.0,75.0,72.0,51.0,67.0,73.0,79
898,243,296,337,445,367,519,Francja,K,53.0,31.0,59.0,55.0,71.0,63.0,57.0,70.0,83.0,75
899,304,336,321,464,508,508,Hiszpania,M,45.0,27.0,47.0,46.0,78.0,51.0,46.0,54.0,65.0,72
900,330,295,366,413,489,595,Francja,K,43.0,16.0,53.0,45.0,71.0,64.0,53.0,55.0,70.0,72
